song,artist,type,lyrics
Disease,Lady Gaga,pop,"[Intro]
(Ah)
(Ah)

[Verse 1]
There are no more tears to cry
I heard you begging for life
Running out of medicine
You're worse than you've ever been

[Pre-Chorus]
(Ah-ah) Screaming for me, baby
(Ah-ah) Like you're gonna die
(Ah-ah) Poison on the inside
I could be your antidote tonight
(Ah-ah) Screaming for me, baby
(Ah-ah) Like you're gonna die
(Ah-ah) Poison on the inside
I could be your antidote tonight

[Chorus]
I could play the doctor, I can cure your disease
If you were a sinner, I could make you believe
Lay you down like one, two, three
Eyes roll back in ecstasy
I can smell your sickness, I can cure your (Cure)
Cure your disease
See Lady Gaga Live
Get tickets as low as $49

You might also like
Darling, I
Tyler, The Creator
Rah Tah Tah
Tyler, The Creator
Dog Years
Halsey

[Verse 2]
You're so tortured when you sleep
Plagued with all your memories
You reach out, and no one's there
Like a god without a prayer

[Pre-Chorus]
(Ah-ah) Screaming for me, baby
(Ah-ah) Like you're gonna die
(Ah-ah) Poison on the inside
I could be your antidote tonight
(Ah-ah) Screaming for me, baby
(Ah-ah) Like you're gonna die
(Ah-ah) Poison on the inside
I could be your antidote tonight

[Chorus]
I could play the doctor, I can cure your disease
If you were a sinner, I could make you believe
Lay you down like one, two, three
Eyes roll back in ecstasy
I can smell your sickness, I can cure your (Cure)
Cure your disease

[Post-Chorus]
(Ah)
(Ah) Cure your disease
(Ah)
I can smell your sickness, I can cure your—


[Chorus]
Bring me your desire, I can cure your disease
If you were a sinner, I could make you believe
Lay you down like one, two, three
Eyes roll back in ecstasy
I know all your secrets, I can cure your, oh
Cure your disease

[Post-Chorus]
(Ah) Cure your disease
(Ah) Cure your—
(Ah)
I can smell your sickness, I can cure your—
I can cure your disease
(Ah) Cure your disease
(Ah) Cure your disease
(Ah) Ooh
(Ah) Ooh"
Die With A Smile,"Lady Gaga, Bruno Mars",pop,"[Intro: Bruno Mars]
(Ooh, ooh)

[Verse 1: Bruno Mars]
I, I just woke up from a dream
Where you and I had to say goodbye
And I don't know what it all means
But since I survived, I realized

[Pre-Chorus: Bruno Mars]
Wherever you go, that's where I'll follow
Nobody's promised tomorrow
So I'ma love you every night like it's the last night
Like it's the last night

[Chorus: Bruno Mars]
If the world was ending
I'd wanna be next to you
If the party was over
And our time on Earth was through
I'd wanna hold you just for a while
And die with a smile
If the world was ending
I'd wanna be next to you

[Post-Chorus: Bruno Mars]
(Ooh, ooh)
See Lady Gaga Live
Get tickets as low as $49

You might also like
Lonely is the Muse
Halsey
ALL RED
Playboi Carti
Watch the Party Die
Kendrick Lamar

[Verse 2: Lady Gaga, Lady Gaga & Bruno Mars]
Ooh, lost, lost in the words that we scream
I don't even wanna do this anymore
'Cause you already know what you mean to me
And our love's the only war worth fighting for

[Pre-Chorus: Lady Gaga & Bruno Mars]
Wherever you go, that's where I'll follow
Nobody's promised tomorrow
So I'ma love you every night like it's the last night
Like it's the last night

[Chorus: Lady Gaga & Bruno Mars, Lady Gaga]
If the world was ending
I'd wanna be next to you
If the party was over
And our time on Earth was through
I'd wanna hold you just for a while
And die with a smile
If the world was ending
I'd wanna be next to you

[Bridge: Bruno Mars, Lady Gaga, Both]
Right next to you
Next to you
Right next to you
Oh-oh


[Chorus: Lady Gaga, Lady Gaga & Bruno Mars, Bruno Mars]
If the world was ending
I'd wanna be next to you
If the party was over
And our time on Earth was through
I'd wanna hold you just for a while
And die with a smile
If the world was ending
I'd wanna be next to you
If the world was ending
I'd wanna be next to you

[Outro: Bruno Mars, Lady Gaga & Bruno Mars]
(Ooh, ooh)
I'd wanna be next to you"
Leave Me Alone,Reneé Rapp,pop,"[Verse 1]
I'm a real bad girl but a real good kisser
Leave me alone, bitch, I wanna have fun
Got my hair tied up, phone on ""Don't disturb""
Leave me alone, bitch, I wanna have fun
Wear my jeans so low, show my little back dimple
Leave me alone, bitch, I wanna have fun
Even line my lips just to match my nipples
Leave me alone, bitch, I wanna have fun

[Chorus]
Can I tell you a secret?
I'm so sick of it all (Uh-huh)
Come get wet in the deep end
T-t-t-take it off, c-c-c-cannonball

[Verse 2]
My manager callеd me, said, ""Where's thе single?""
Leave me alone, bitch, I wanna have fun
""Oh, you're breaking up, babe, I don't got no signal""
Leave me alone, bitch, I wanna have fun
Sign a hundred NDAs, but I still say something
Leave me alone, bitch, I wanna have fun
I took my sex life with me, now the show ain't fucking
Leave me alone, bitch, I wanna have fun
See Reneé Rapp Live
Get tickets as low as $72

You might also like
Reneé Rapp - Leave Me Alone (Traducción al Español)
Genius Traducciones al Español
Bloodline
Alex Warren & Jelly Roll
Ordinary
Alex Warren

[Chorus]
Can I tell you a secret?
I'm so sick of it all (Uh-huh)
Come get wet in the deep end
T-t-t-take it off, c-c-c-cannonball
Can I tell you a secret? (Tell you a secret)
I'm so sick of it all (Sick of it all)
Come get wet in the deep end
T-t-t-take it off, c-c-c-cannonball

[Verse 3]
Party in the Hills, people tryna talk business
Leave me alone, bitch, I wanna have fun
I just wanna dance, don't take my picture
Leave me alone, bitch, I wanna have fun
My ex walked in and my other ex with her
Leave me alone, bitch, I wanna have fun
Put the three of us together, that's a real tongue twister
Leave me alone, bitch, I wanna have fun"
BIRDS OF A FEATHER,Billie Eilish,pop,"[Intro]
(But I wanna stay)

[Verse 1]
I want you to stay
'Til I'm in the grave
'Til I rot away, dead and buried
'Til I'm in the casket you carry
If you go, I'm goin' too, uh
'Cause it was always you (Alright)
And if I'm turnin' blue, please don't save me
Nothin' left to lose without my baby

[Refrain]
Birds of a feather, we should stick together, I know
I said I'd never think I wasn't better alone
Can't change the weather, might not be forever
But if it's forever, it's even better

[Pre-Chorus]
And I don't know what I'm cryin' for
I don't think I could love you more
It might not be long, but baby, I

[Chorus]
I'll love you 'til the day that I die
'Til the day that I die
'Til the light leaves my eyes
'Til the day that I die
See pop shows near Vancouver
Get tickets as low as $42

You might also like
Houdini
Eminem
True Blue (Demo)
Billie Eilish
She Knows
J. Cole & Cults

[Verse 2]
I want you to see, hm
How you look to me, hm
You wouldn't believe if I told ya
You would keep the compliments I throw ya
But you're so full of shit, uh
Tell me it's a bit, oh
Say you don't see it, your mind's polluted
Say you wanna quit, don't be stupid

[Pre-Chorus]
And I don't know what I'm cryin' for
I don't think I could love you more
It might not be long, but baby, I
Don't wanna say goodbye

[Chorus]
Birds of a feather, we should stick together, I know ('Til the day that I die)
I said I'd never think I wasn't better alone ('Til the light leaves my eyes)
Can't change the weather, might not be forever ('Til the day that I die)
But if it's forever, it's even better

[Post-Chorus]
I knew you in another life
You had that same look in your eyes
I love you, don't act so surprised"
Mad,Reneé Rapp,pop,"[Intro]
(But I wanna stay)

[Verse 1]
I want you to stay
'Til I'm in the grave
'Til I rot away, dead and buried
'Til I'm in the casket you carry
If you go, I'm goin' too, uh
'Cause it was always you (Alright)
And if I'm turnin' blue, please don't save me
Nothin' left to lose without my baby

[Refrain]
Birds of a feather, we should stick together, I know
I said I'd never think I wasn't better alone
Can't change the weather, might not be forever
But if it's forever, it's even better

[Pre-Chorus]
And I don't know what I'm cryin' for
I don't think I could love you more
It might not be long, but baby, I

[Chorus]
I'll love you 'til the day that I die
'Til the day that I die
'Til the light leaves my eyes
'Til the day that I die
See pop shows near Vancouver
Get tickets as low as $42

You might also like
Houdini
Eminem
True Blue (Demo)
Billie Eilish
She Knows
J. Cole & Cults

[Verse 2]
I want you to see, hm
How you look to me, hm
You wouldn't believe if I told ya
You would keep the compliments I throw ya
But you're so full of shit, uh
Tell me it's a bit, oh
Say you don't see it, your mind's polluted
Say you wanna quit, don't be stupid

[Pre-Chorus]
And I don't know what I'm cryin' for
I don't think I could love you more
It might not be long, but baby, I
Don't wanna say goodbye

[Chorus]
Birds of a feather, we should stick together, I know ('Til the day that I die)
I said I'd never think I wasn't better alone ('Til the light leaves my eyes)
Can't change the weather, might not be forever ('Til the day that I die)
But if it's forever, it's even better

[Post-Chorus]
I knew you in another life
You had that same look in your eyes
I love you, don't act so surprised"
Espresso,Sabrina Carpenter,pop,"[Chorus]
Now he's thinkin' 'bout me every night, oh
Is it that sweet? I guess so
Say you can't sleep, baby, I know
That's that me espresso
Move it up, down, left, right, oh
Switch it up like Nintendo
Say you can't sleep, baby, I know
That's that me espresso

[Verse 1]
I can't relate to desperation
My give-a-fucks are on vacation
And I got this one boy and he won't stop calling
When they act this way, I know I got 'em

[Pre-Chorus]
(Mm) Too bad your ex don't do it for ya
(Mm) Walked in and dream-came-trued it for ya
(Mm) Soft skin and I perfumed it for ya
(Yes) I know I Mountain Dew it for ya
(Yes) That morning coffee, brewed it for ya
(Yes) One touch and I brand-newed it for ya (Ooh)

[Chorus]
And now he's thinkin' 'bout me every night, oh
Is it that sweet? I guess so
Say you can't sleep, baby, I know
That's that me espresso
Move it up, down, left, right, oh
Switch it up like Nintendo
Say you can't sleep, baby, I know
That's that me espresso
See Sabrina Carpenter Live
Get tickets as low as $230

You might also like
Coincidence
Sabrina Carpenter
Dumb & Poetic
Sabrina Carpenter
Family Matters
Drake

[Post-Chorus]
Holy shit
Is it that sweet? I guess so (Mm)

[Verse 2]
I'm working late 'cause I'm a singer
Oh, he looks so cute wrapped 'round my finger
My twisted humor make him laugh so often
My honeybee, come and get this pollen

[Pre-Chorus]
(Mm) Too bad your ex don't do it for ya
(Mm) Walked in and dream-came-trued it for ya
(Mm) Soft skin and I perfumed it for ya (Ayy, ayy, oh)
(Yes) I know I Mountain Dew it for ya
(Yes) That morning coffee, brewed it for ya
(Yes) One touch and I brand-newed it for ya (Stupid)

[Chorus]
Now he's thinkin' 'bout me every night, oh
Is it that sweet? I guess so
Say you can't sleep, baby, I know
That's that me espresso
Move it up, down, left, right, oh
Switch it up like Nintendo
Say you can't sleep, baby, I know
That's that me espresso (Yes)
Thinkin' 'bout me every night, oh
Is it that sweet? I guess so (Yes)
Say you can't sleep, baby, I know
That's that me espresso (Yes)
Move it up, down, left, right, oh (Move it up, down, left, right, oh)
Switch it up like Nintendo (Yes)
Say you can't sleep, baby, I know
That's that me espresso


[Outro]
Is it that sweet? I guess so
Mm, that's that me espresso"
Abracadabra,Lady Gaga,pop,"[Intro]
Abracadabra, abracadabra
Abracadabra, abracadabra

[Verse 1]
Pay the toll to the angels
Drawing circles in the clouds
Keep your mind on the distance
When the devil turns around

[Refrain]
Hold me in your heart tonight
In the magic of the dark moonlight
Save me from this empty fight
In the game of life

[Pre-Chorus]
Like a poem said by a lady in red
You hear the last few words of your life
With a haunting dance, now you're both in a trance
It's time to cast your spell on the night

[Chorus]
""Abracadabra, amor-oo-na-na
Abracadabra, morta-oo-ga-ga
Abracadabra, abra-oo-na-na""
In her tongue she said, ""Death or love tonight""
See Lady Gaga Live
Get tickets as low as $49

You might also like
Not Like Us
Kendrick Lamar
tv off
Kendrick Lamar
WILDFLOWER
Billie Eilish

[Post-Chorus]
Abracadabra, abracadabra
Abracadabra, abracadabra
Feel the beat under your feet, the floor's on firе
Abracadabra, abracadabra

[Verse 2]
Choose the road on the wеst side
As the dust flies, watch it burn
Don't waste time on a feeling
Use your passion, no return

[Refrain]
Hold me in your heart tonight
In the magic of the dark moonlight
Save me from this empty fight
In the game of life

[Pre-Chorus]
Like a poem said by a lady in red
You hear the last few words of your life
With a haunting dance, now you're both in a trance
It's time to cast your spell on the night

[Chorus]
""Abracadabra, amor-oo-na-na
Abracadabra, morta-oo-ga-ga
Abracadabra, abra-oo-na-na""
In her tongue she said, ""Death or love tonight""


[Post-Chorus]
Abracadabra, abracadabra
Abracadabra, abracadabra
Feel the beat under your feet, the floor's on fire
Abracadabra, abracadabra

[Bridge]
Phantom of the dance floor, come to me
Sing for me a sinful melody
Ah, ah, ah
Ah, ah, ah

[Chorus]
""Abracadabra, amor-oo-na-na
Abracadabra, morta-oo-ga-ga
Abracadabra, abra-oo-na-na""
In her tongue she said, ""Death or love tonight"""
Sapphire,Ed Sheeran,Afrobeats,"[Verse 1: Ed Sheeran]
You're glowing
You colour and fracture the light
You can't help but shine
And I know that
You carry the world on your back
But look at you tonight

[Pre-Chorus: Ed Sheeran]
The lights, your face, your eyes
Exploding like fireworks in the sky
Sapphire

[Chorus: Ed Sheeran]
Touching on your body while you're pushing on me
Don't you end the party, I could do this all week
We'll be dancing till the morning, go to bed, we won't sleep
ਚਮ-ਚਮ ਚਮਕੇ ਸਿਤਾਰੇ ਵਰਗੀ (Sapphire)
Touching on your body while you're pushing on me
Don't you end the party, I could do this all week
We'll be dancing till the morning, go to bed, we won't sleep
ਚਮ-ਚਮ ਚਮਕੇ ਸਿਤਾਰੇ ਵਰਗੀ

[Verse 2: Ed Sheeran]
Look what we found, Karma reached out
Into our hearts and pulled us to our feet now
You know, the truth is we could disappear
Anywhere, as long as I got you there
When the sun dies, till the day shines
When I'm with you, there's not enough time
You are my spring flower, watching you bloom, wow
We are surrounded, but I can only see
See Ed Sheeran Live
Get tickets as low as $67

You might also like
Camera
Ed Sheeran
Symmetry
Ed Sheeran
Manchild
Sabrina Carpenter

[Pre-Chorus: Ed Sheeran]
The lights, your face, your eyes
Exploding like fireworks in the sky
Sapphire

[Chorus: Ed Sheeran]
Touching on your body while you're pushing on me
Don't you end the party, I could do this all week
We'll be dancing till the morning, go to bed, we won't sleep
ਚਮ-ਚਮ ਚਮਕੇ ਸਿਤਾਰੇ ਵਰਗੀ (Sapphire)
Touching on your body while you're pushing on me
Don't you end the party, I could do this all week
We'll be dancing till the morning, go to bed, we won't sleep
ਚਮ-ਚਮ ਚਮਕੇ ਸਿਤਾਰੇ ਵਰਗੀ (Sapphire)

[Bridge: Arijit Singh, Ed Sheeran, Both]
(मेहरूनी दो नैन लुभाए)
(चाँदनी चम-चम चमकाए) You're glowing
(ਨੂਰ ਦਾ ਮੈਨੂੰ ਘੁੱਟ ਪਿਲਾਏ)
(ਜਿੰਦੜੀ ਬਣ ਜਾਏ)
You're glowing (ਅੰਬਰਾਂ ਦੀ ਤੂੰ ਝਾਲਰ ਪਾਏ)
You colour and fracture the light (ਬਦਲ਼ਾਂ ਦੇ ਲੱਠੇ ਸੂਟ ਬਣਾਏ)
But look at you tonight (ਕਿਰਣਾਂ ਨੂੰ ਰੰਗ-ਰੂਪ ਛਡਾਏ)
(ਮੋਰਣੀ ਬਣ ਜਾਏ) Sapphire
ਪਲਕਾਂ ਉਠਾਵਤੇ ਹਨੇਰੇ ਘਟਦੇ
ਉਂਗਲਾ’ਚ ਪਾਕੇ ਤੂੰ ਧਨਕ ਫਿਰਦੀ
ਕਿਵੇਂ ਰੱਬ ਨੇ ਦੋ ਨੈਣਾਂ ਉੱਤੇ ਨੀਲਮ ਜੜੇ?
ਚਮ-ਚਮ ਚਮਕੇ ਸਿਤਾਰੇ ਵਰਗੀ (Sapphire)


[Chorus: Ed Sheeran]
Touching on your body while you're pushing on me
Don't you end the party, I could do this all week
We'll be dancing till the morning, go to bed, we won't sleep
ਚਮ-ਚਮ ਚਮਕੇ ਸਿਤਾਰੇ ਵਰਗੀ (Sapphire)
Touching on your body while you're pushing on me (The lights, your face, your eyes)
Don't you end the party, I could do this all week (Exploding)
We'll be dancing till the morning, go to bed, we won't sleep (Like fireworks in the sky)
ਚਮ-ਚਮ ਚਮਕੇ ਸਿਤਾਰੇ ਵਰਗੀ (Sapphire)
Touching on your body while you're pushing on me (The lights, your face, your eyes)
Don't you end the party, I could do this all week (Exploding)
We'll be dancing till the morning, go to bed, we won't sleep (Like fireworks in the sky)
ਚਮ-ਚਮ ਚਮਕੇ ਸਿਤਾਰੇ ਵਰਗੀ (Sapphire)

[Outro: Ed Sheeran]
The lights, your face, your eyes
Exploding like fireworks in the sky
Sapphire"
blue,yung kai,pop,"[Verse 1]
Your morning eyes, I could stare like watching stars
I could walk you by, and I'll tell without a thought
You'd be mine, would you mind if I took your hand tonight?
Know you're all that I want this life

[Chorus]
I'll imagine we fell in love
I'll nap under moonlight skies with you
I think I'll picture us, you with the waves
The ocean's colors on your face
I'll leave my heart with your air
So let me fly with you
Will you be forever with me?

[Verse 2]
My love will always stay by you
I'll keep it safe, so don't you worry a thing
I'll tell you I love you more
It's stuck with you forever, so promise you won't let it go
I'll trust the universe will always bring me to you

[Chorus]
I'll imagine we fell in love
I'll nap under moonlight skies with you
I think I'll picture us, you with the waves
The ocean's colors on your face
I'll leave my heart with your air
So let me fly with you
Will you be forever with me?"
WILDFLOWER,Billie Eilish,pop,"[Verse 1]
Things fall apart
And time breaks your heart
I wasn't there, but I know
She was your girl
You showed her the world
But fell out of love and you both let go

[Pre-Chorus]
She was cryin’ on my shoulder
All I could do was hold her
Only made us closer until July
Now, I know that you love me
You don't need to remind me
I should put it all behind me, shouldn't I?

[Chorus]
But I see her in the back of my mind all the time
Like a fever, like I’m burning alive, like a sign
Did I cross the line?

[Post-Chorus]
(Mm) Hmm

[Verse 2]
Well, good things don't last (Good things don't last)
And life moves so fast (Life moves so fast)
I'd never ask who was better (I'd never ask who was better)
'Cause she couldn't be (Couldn't)
More different from me (Different)
Happy and free in leather (Happy)
See pop shows near Vancouver
Get tickets as low as $42

You might also like
Guess featuring billie eilish
Charli xcx & Billie Eilish
Darling, I
Tyler, The Creator
Juno
Sabrina Carpenter

[Pre-Chorus]
And I know that you love me (You love me)
You don’t need to remind me (Remind me)
Wanna put it all behind me, but baby

[Chorus]
I see her in the back of my mind (Back of my mind) all the time (All the time)
Feels like a fever (Like a fever), like I’m burning alive (Burning alive), like a sign
Did I cross the line?

[Bridge]
You say no one knows you so well (Oh)
But every time you touch me, I just wonder how she felt
Valentine's Day, cryin’ in the hotel
I know you didn't mean to hurt me, so I kept it to myself

[Chorus]
And I wonder
Do you see her in the back of your mind in my eyes?

[Outro]
You say no one knows you so well
But every time you touch me, I just wonder how she felt
Valentine's Day, cryin' in the hotel
I know you didn’t mean to hurt me, so I kept it to myself"
How It's Going,Zillionaire Doe,rap,"[Intro]
(Drum Dummie)
I'll bet the whole stash they can't fuck with us
I'm takin' trips every week to get my bucks bigger

[Chorus]
How this shit goin', how this shit goin'
Nigga, look how this shit goin'
Youngest Boss, nigga

[Verse 1]
I'll bet the whole stash they can't fuck with us
I'm takin' trips every week to get my bucks bigger
Fell off a hundred times but it come with it
If the price make sense, nigga, I'm comin' to get it
If the price make sense, nigga, I'm on the way
We was just in the spot talkin' 'bout it, nigga, me and J
Asking for the work, nigga, I really seen it
Show you my love with my actions, nigga, really mean it, nigga

[Chorus]
Look how this shit goin'
Look how this shit goin'
Look how this shit goin'
Nigga, look how this shit goin'
See upcoming rap shows
Get tickets for your favorite artists

You might also like
Triple D
Montana 700 & Zillionaire Doe
Still CBFW
Zillionaire Doe
Summertime
Montana 700 & Zillionaire Doe

[Verse 2]
Youngеst Boss nigga, put the city on my shoulders
Finna buy me somе land, so I'm rich when I'm older
All this shit cheap and everything weighing over
Once I drop this new shit, swear to God, shit over
Ball in our court, nigga, check up
Time here now, told you we was next up
South Dallas, nigga, celebrate in Mexico
Young trap nigga, but that boy got flow
Fuck crashin' out, rather stay free and live
Youngest Boss show you how to work a vacuum seal
Youngest Boss, nigga, show you how to move right
Youngest Boss paid attention, young nigga game tight
Throw the money in the air, watch it all come down
Used to re-up with a zip, now I bought two hundred pounds
I ain't changin' up, young nigga stay the same
Young nigga, twenty-two, million dollars worth of game

[Chorus]
Look how this shit goin'
Look how this shit goin'
Look how this shit goin'
Nigga, look how this shit goin'

[Verse 3]
I'm the blueprint, pay attention
On the stage with Glo, long way from the kitchen
Shit been goin' so fast, livin' life ain't even hit me
Need Doe? Know I'm here, it ain't nothin', just hit me
Tryna own me some land, own me some restaurants
Once I build my credit up, hit the bank and get a front
Credit good in the streets, credit good with the banks
Feel like I can conquer the whole world, but I sit and think
Nigga, I'm comin' to get it
And we can buy it for the low and sell it high, you know I'm with it
Everybody like to party, I'm tryna own a club too
Come back and buy the block, a million plus still in four deuce


[Outro]
Look how this shit goin'
Psh, look how this shit goin'
Look how this shit goin'
Youngest Boss, nigga"
Ordinary,Alex Warren,pop,"[Verse 1]
They say, ""The holy water's watered down
And this town's lost its faith
Our colors will fade eventually""
So, if our time is runnin' out
Day after day
We'll make the mundane our masterpiece

[Pre-Chorus]
Oh, my, my
Oh, my, my love
I take one look at you

[Chorus]
You're takin' me out of the ordinary
I want you layin' me down 'til we're dead and buried
On the edge of your knife, stayin' drunk on your vine
The angels up in the clouds are jealous knowin' we found
Somethin' so out of the ordinary
You got me kissin' thе ground of your sanctuary
Shatter me with your touch, oh, Lord, return mе to dust
The angels up in the clouds are jealous knowin' we found

[Verse 2]
Hopeless hallelujah
On this side of Heaven's gate
Oh, my life, how do ya
Breathe and take my breath away?
At your altar, I will pray
You're the sculptor, I'm the clay
See pop shows near Vancouver
Get tickets as low as $42

You might also like
First Time On Earth
Alex Warren
Everything
Alex Warren
Never Be Far
Alex Warren

[Pre-Chorus]
Oh, my, my

[Chorus]
You're takin' me out of the ordinary
I want you layin' me down 'til we're dead and buried
On the edge of your knife, stayin' drunk on your vine
The angels up in the clouds are jealous knowin' we found
Somethin' so out (Out) of the ordinary (Ordinary)
You got me kissing the ground (Ground) of your sanctuary (Sanctuary)
Shatter me with your touch, oh, Lord, return me to dust
The angels up in the clouds are jealous knowin' we found

[Bridge]
Somethin' so heavenly, higher than ecstasy
Whenever you're next to me, oh, my, my
World was in black and white until I saw your light
I thought you had to die to find

[Chorus]
Somethin' so out of the ordinary
I want you laying me down 'til we're dead and buried
On the edge of your knife, stayin' drunk on your vine
The angels up in the clouds are jealous knowin' we found
Somethin' so out (Out) of the ordinary
You got me kissing the ground (Ground) of your sanctuary (Sanctuary)
Shatter me with your touch, oh, Lord, return me to dust
The angels up in the clouds are jealous knowin' we found"
luther,Kendrick Lamar,r&b,"[Intro]
If this world were mine

[Verse 1: Kendrick Lamar]
Hey, Roman numeral seven, bae, drop it like it's hot
If this world was mine, I'd take your dreams and make 'em multiply
If this world was mine, I'd take your enemies in front of God
Introduce 'em to that light, hit them strictly with that fire
Fah-fah, fah-fah-fah, fah-fah, fah
Hey, Roman numeral seven, bae, drop it like it's hot
If this world was mine, I'd take your dreams and make 'em multiply
If this world was mine, I'd take your enemies in front of God
Introduce 'em to that light, hit them strictly with that fire
It's a vibe, do your dance, let 'em watch
She a fan, he a flop, they just wanna kumbaya, nah

[Chorus: SZA, SZA & Kendrick Lamar]
In this world, concrete flowers grow
Heartache, she only doin' what she know
Weekends, get it poppin' on the low
Better days comin' for sure
If this world were—
If it was up to me
I wouldn't give these nobodies no sympathy
I'd take away the pain, I'd give you everything
I just wanna see you win, wanna see
If this world were mine
See Kendrick Lamar Live
Get tickets as low as $62

You might also like
GOOD CREDIT
Playboi Carti & Kendrick Lamar
30 For 30
SZA & Kendrick Lamar
Chains & Whips
Clipse & Kendrick Lamar

[Verse 2: Kendrick Lamar & SZA]
It go in (When you), out (Ride it), do it real slow (Slide)
Baby, you a star, strike, pose
When I'm (When you), with you (With me), everything goes (Slow)
Come and (Put that), put that (On my), on my (Titi), soul (Soul)
'Rari (Red), crown (Stack), wrist (Stay), froze (Really)
Drip (Tell me), pound (If you), on the way home (Love me)

[Chorus: Kendrick Lamar & SZA]
In this world, concrete flowers grow
Heartache, she only doin' what she know
Weekends, get it poppin' on the low
Better days comin' for sure
If this world were—
If it was up to me
I wouldn't give these nobodies no sympathy
I'd take away the pain, I'd give you everything
I just wanna see you win, wanna see
If this world were mine

[Verse 3: Kendrick Lamar & SZA]
I can't lie
I trust you, I love you, I won't waste your time
I turn it off just so I can turn you on
I'ma make you say it loud
I'm not even trippin', I won't stress you out
I might even settle down for you, I'ma show you I'm a pro
I'ma take my time and turn it off
Just so I can turn you on, baby
Weekends, get it poppin' on the low
Better days comin' for sure


[Outro: SZA]
I know you're comin' for
Better days
If this world were mine"
A Bar Song,Shaboozey,pop,"[Verse 1]
My baby want a Birkin, she's been tellin' me all night long
Gasoline and groceries, the list goes on and on
This nine-to-five ain't workin', why the hell do I work so hard?
I can't worry 'bout my problems, I can't take 'em when I'm gone, uh

[Pre-Chorus]
One, here comes the two to the three to the four
Tell 'em ""Bring another round,"" we need plenty more
Two-steppin' on the table, she don't need a dance floor
Oh my, good Lord

[Chorus]
Someone pour me up a double shot of whiskey
They know me and Jack Daniеl's got a history
There's a party downtown near 5th Street
Evеrybody at the bar gettin' tipsy

[Post-Chorus]
Everybody at the bar gettin' tipsy
Everybody at the bar gettin' tipsy

[Verse 2]
I've been Boozey since I left
I ain't changin' for a check
Tell my ma I ain't forget (Oh, Lord), I
Woke up drunk at 10 a.m.​
We gon' do this shit again
Tell your girl to bring a friend, oh, Lord
See upcoming country shows
Get tickets for your favorite artists

You might also like
Family Matters
Drake
Red Leather
Future, Metro Boomin & J. Cole
The Alchemy
Taylor Swift

[Pre-Chorus]
One, here comes the two to the three to the four
Tell 'em ""Bring another round,"" we need plenty more
Two-steppin' on the table, she don't need a dance floor
Oh my, good Lord

[Chorus]
Someone pour me up a double shot of whiskey (Double shot of whiskey)
They know me and Jack Daniel's got a history (We go way back)
There's a party downtown near 5th Street
Everybody at the bar gettin' tipsy

[Post-Chorus]
Everybody at the bar gettin' tipsy (At the bar gettin' tipsy)
Everybody at the bar gettin' tipsy

[Bridge]
One, here comes the two to the three to the four
When it's last call and they kick us out the door
It's gettin' kind of late, but the ladies want some more
Oh my, good Lord (Tell 'em drinks on me)

[Chorus]
Someone pour me up a double shot of whiskey (Double shot of whiskey)
They know me and Jack Daniel's got a history (Way back)
There's a party downtown near 5th Street (Come on)
Everybody at the bar gettin' tipsy (Woo-ooh)
Someone pour me up a double shot of whiskey (Double shot of whiskey)
They know me and Jack Daniel's got a history (It's Jack D)
At the bottom of a bottle, don't miss me (Baby, don't miss me)
Everybody at the bar gettin' tipsy (At the bar gettin' tipsy)


[Post-Chorus]
Everybody at the bar gettin' tipsy
Everybody at the bar gettin' tipsy

[Outro]
That's fuckin' messed up, bro, they kicked me out the bar"
Not Like Us,Kendrick Lamar,hip-pop,"[Intro]
Psst, I see dead people
(Mustard on the beat, ho)

[Verse 1]
Ayy, Mustard on the beat, ho
Deebo any rap nigga, he a free throw
Man down, call an amberlamps, tell him, ""Breathe, bro""
Nail a nigga to the cross, he walk around like Teezo
What's up with these jabroni-ass niggas tryna see Compton?
The industry can hate me, fuck 'em all and they mama
How many opps you really got? I mean, it's too many options
I'm finna pass on this body, I'm John Stockton
Beat your ass and hide the Bible if God watchin'
Sometimes you gotta pop out and show niggas
Certified boogeyman, I'm the one that up the score with 'em
Walk him down, whole time, I know he got some ho in him
Pole on him, extort shit, bully Death Row on him
Say, Drake, I hear you like 'em young
You better not ever go to cell block one
To any bitch that talk to him and they in love
Just make sure you hide your lil' sister from him
They tell me Chubbs the only one that get your hand-me-downs
And Party at the party playin' with his nose now
And Baka got a weird case, why is he around?
Certified Lover Boy? Certified pedophiles
Wop, wop, wop, wop, wop, Dot, fuck 'em up
Wop, wop, wop, wop, wop, I'ma do my stuff
Why you trollin' like a bitch? Ain't you tired?
Tryna strike a chord and it's probably A minor
See Kendrick Lamar Live
Get tickets as low as $62

You might also like
THE HEART PART 6
Drake
LUNCH
Billie Eilish
U My Everything
Sexyy Red & Drake

[Chorus]
They not like us, they not like us, they not like us
They not like us, they not like us, they not like us

[Verse 2]
You think the Bay gon' let you disrespect Pac, nigga?
I think that Oakland show gon' be your last stop, nigga
Did Cole foul, I don't know why you still pretendin'
What is the owl? Bird niggas and burnt bitches, go
The audience not dumb
Shape the stories how you want, hey, Drake, they're not slow
Rabbit hole is still deep, I can go further, I promise
Ain't that somethin'? B-Rad stands for bitch and you Malibu most wanted
Ain't no law, boy, you ball boy, fetch Gatorade or somethin'
Since 2009, I had this bitch jumpin'
You niggas'll get a wedgie, be flipped over your boxers
What OVO for? The ""Other Vaginal Option""? Pussy
Nigga better straighten they posture, got famous all up in Compton
Might write this for the doctorate, tell the pop star quit hidin'
Fuck a caption, want action, no accident
And I'm hands-on, he fuck around, get polished
Fucked on Wayne girl while he was in jail, that's connivin'
Then get his face tatted like a bitch apologizin'
I'm glad DeRoz' came home, y'all didn't deserve him neither
From Alondra down to Central, nigga better not speak on Serena
And your homeboy need subpoena, that predator move in flocks
That name gotta be registered and placed on neighborhood watch
I lean on you niggas like another line of Wock'
Yeah, it's all eyes on me, and I'ma send it up to Pac, ayy
Put the wrong label on me, I'ma get 'em dropped, ayy
Sweet Chin Music and I won't pass the aux, ayy
How many stocks do I really have in stock? Ayy
One, two, three, four, five, plus five, ayy
Devil is a lie, he a 69 God, ayy
Freaky-ass niggas need to stay they ass inside, ayy
Roll they ass up like a fresh pack of 'za, ayy
City is back up, it's a must, we outside, ayy


[Chorus]
They not like us, they not like us, they not like us
They not like us, they not like us, they not like us

[Verse 3]
Once upon a time, all of us was in chains
Homie still doubled down callin' us some slaves
Atlanta was the Mecca, buildin' railroads and trains
Bear with me for a second, let me put y'all on game
The settlers was usin' townfolk to make 'em richer
Fast-forward, 2024, you got the same agenda
You run to Atlanta when you need a check balance
Let me break it down for you, this the real nigga challenge
You called Future when you didn't see the club (Ayy, what?)
Lil Baby helped you get your lingo up (What?)
21 gave you false street cred
Thug made you feel like you a slime in your head (Ayy, what?)
Quavo said you can be from Northside (What?)
2 Chainz say you good, but he lied
You run to Atlanta when you need a few dollars
No, you not a colleague, you a fuckin' colonizer
The family matter and the truth of the matter
It was God's plan to show y'all the liar

[Bridge]
Mm
Mm-mm
He a fan, he a fan, he a fan (Mm)
He a fan, he a fan, he a
Freaky-ass nigga, he a 69 God
Freaky-ass nigga, he a 69 God
Hey, hey, hey, hey, run for your life
Hey, hey, hey, hey, run for your life
Freaky-ass nigga, he a 69 God
Freaky-ass nigga, he a 69 God
Hey, hey, hey, hey, run for your life
Hey, hey, hey, hey, run for your life
Let me hear you say, ""OV-ho"" (OV-ho)
Say, ""OV-ho"" (OV-ho)
Then step this way, step that way
Then step this way, step that way


[Outro]
Are you my friend?
Are we locked in?
Then step this way, step that way
Then step this way, step that way"
Vent,C'zah,rap,"I've been paranoid all of my fuckin' life, and I
Feel like everybody's tryna take my life, so I
Never leave my home without my knife
Cuz I can't let no nigga kill me
I refuse to die tonight
Bitch
I'm bussin' holes, before I let you treat me like a ho'
Treat me like a ho, then off the top bitch nigga you gots to go
I dedicate this
To all of the niggas locked in cages
And rest in peace to all tha real niggas that's in the grave and
To my mama I'm just tryna to see tomorrow
But it feels like everything is getting harder
So please pray for me mama
Please pray for me mama
Look
And please pray for mama

My nigga please
Pray for me
And keep these rat niggas away
While I'm stackin' cheese
Man I'm just tryna make it out this bitch and lead my family in the right direction
So we won't have to deal wit' no more stressin'
(For real nigga)
See upcoming rap shows
Get tickets for your favorite artists

You might also like
Smoked Out
C'Zar The Savage
Lose Yourself
Eminem
Mockingbird
Eminem

*Hook*
It's a lot of things I don't know baby
When it comes to this whole world
But here's a few things baby
You can count on
I've got things I don't know baby
When it comes to this whole world
But here's a few things baby
You can count on

*Verse 2*
First off, it's rest in peace to my uncle
And to that bitch nigga that shot him
You a punk nigga fuck you
Sometimes I sit and just wish, that I could bring him back to life
I...tear up
Evrytime I think about that night, and I...
Know...that one day I'll see him again
One of the only things that helps through this life of sin
We live
I look to god and ask for him to help
But seems, to me
That sometimes he don't even hear
But I still
Give him my faith and hope that he'll help me prevail
So i can get up out this livin' hell
I swear
God if you help me make it I will never sin
Again, just as long as I live
Shit I just wanna make it
Because my city racist
Them motherfuckers say they love me
But I know they fakin'
I can't even trust my friends no more
I think they want me killed
And now that I think about it
I know that them niggas don't want me to live


*Hook*

(Outro)
Yea...this real music nigga
From Ten-A-Key to Baton Rouge
Shout out my nigga Lil' Buck
Yea"
Messy,Lola Young,pop,"[Verse 1]
You know I'm impatient
So why would you leave me waiting outside the station
When it was like minus four degrees?
And I, I get what you're sayin'
I just really don't wanna hear it right now
Can you shut up for like once in your life?
Listen to me
I took your nice words of advice about
How you think I'm gonna die lucky if I turned thirty-three
Okay, so yeah, I smoke like a chimney
I'm not skinny and I pull a Britney
Every other week
But cut me some slack, who do you want me to be?

[Chorus]
'Cause I'm too messy, and then I'm too fucking clean
You told me, ""Get a job"", then you ask where the hell I've been
And I'm too perfect till I open my big mouth
I want to be me, is that not allowed?
And I'm too clever, and then I'm too fucking dumb
You hate it when I cry unless it's that time of the month
And I'm too perfect till I show you that I'm not
A thousand people I could be for you and you hate the fucking lot

[Post-Chorus]
You hate the fucking lot
You hate the fucking lot
You hate, you hate
See pop shows near Vancouver
Get tickets as low as $42

You might also like
Born Again
LISA
15 Minutes
Sabrina Carpenter
Reflections Laughing
The Weeknd, Travis Scott & Florence + the Machine

[Verse 2]
It's taking you ages
You still don't get the hint, I'm not asking for pages
But one text or two would be nice
And, please, don't pull those faces
When I've been out working my arse off all day
It's just one bottle of wine or two
But, hey, you can't even talk
You smoke weed just to help you sleep
Then why you out gettin' stoned at 4 o'clock?
And then you come home to me
And don't say hello
'Cause I got high again
And forgot to fold my clothes

[Chorus]
'Cause I'm too messy, and then I'm too fucking clean
You told me, ""Get a job"", then you ask where the hell I've been
And I'm too perfect till I open my big mouth
I want to be me, is that not allowed?
And I'm too clever, and then I'm too fucking dumb
You hate it when I cry unless it's that time of the month
And I'm too perfect till I show you that I'm not
A thousand people I could be for you and you hate the fucking lot

[Post-Chorus]
You hate the fucking lot
You hate the fucking lot


[Instrumental Break]

[Chorus]
Oh, and I'm too messy, and then I'm too fucking clean
You told me, ""Get a job"", then you ask where the hell I've been
And I'm too perfect till I open my big mouth
I want to be me, is that not allowed?
And I'm too clever, and then I'm too fucking dumb
You hate it when I cry unless it's that time of the month
And I'm too perfect till I show you that I'm not
A thousand people I could be for you and you hate the fucking lot

[Post-Chorus]
You hate the fucking lot
You hate the fucking lot
You hate the fucking lot
You hate the fucking lot"
Bad Dreams,Teddy Swims,r&b,"[Verse 1]
Sun is going down, time is running out
No one else around but me
Steady losing light, steady losing my mind
Moving shadows and grinding teeth (Ooh)

[Pre-Chorus]
Without you, there ain't no place for me to hide
Without you, there's no way I can sleep tonight
What I'd do for a little bit of peace and quiet
Without you, I keep

[Chorus]
Slipping into bad dreams (Bad dreams)
Where there's no you and I
No sound when I cry
I love you and I need you to set me free
From all of these
Bad dreams (Bad dreams)
Waitin' on the other side
No sound when I cry
I love you and I need you to set me free
From all of these, all of these

[Post-Chorus]
Ooh, ooh, ooh
Bad dreams
Ooh, ooh, ooh
All of these
See Teddy Swims Live
Get tickets as low as $102

You might also like
Watch the Party Die
Kendrick Lamar
ALL RED
Playboi Carti
Darling, I
Tyler, The Creator

[Verse 2]
Baby, please come around, help me settle down
Hellish habits can cloud my head (Mm)
What you waiting for? Something physical?
I can't do this by myself

[Pre-Chorus]
Without you, there ain't no place for me to hide
Without you, there's no way I can sleep tonight
What I'd do for a little bit of peace and quiet
Without you, I keep

[Chorus]
Slipping into bad dreams
Where there's no you and I (You and I)
No sound when I cry
I love you and I need you to set me free (Set me free)
From all of these (All of these)
Bad dreams
Waitin' on the other side
No sound when I cry
I love you and I need you to set me free (Set me free)
From all of these, all of these

[Post-Chorus]
Ooh, ooh, ooh
Bad dreams (Bad dreams)
Baby, please
Ooh, ooh, ooh
All of these (Baby, please)
All of these"
ExtraL,"JENNIE, Doechii",hip-pop,"[Intro: JENNIE]
Do my, do my ladies run this, ladies run this?
Do my, do my ladies run this, ladies run this? (Yeah)
Do my, do my ladies run this, ladies run this? (Incoming)
Do my, do my ladies run this, ladies run this? (Yeah, yeah, yeah, yeah)

[Verse 1: JENNIE]
All of my girls looking good and they got they own money (Do my, do my ladies run this?)
Pop your shit
This for my girls with no sponsor, they got they own fundin' (Do my, do my ladies run this?)
Not your shit
Run through your city, that motorcade (Do my, do my ladies run this?)
Soon as I enter, they close the gate (Ladies run this?)
Presidential through your residential, bitch, it's nothing

[Pre-Chorus: JENNIE]
Said, ""Fuck your rules,"" is the mood, damn right
Walk in a room and I set the vibe
Get a pic, it'll last you long, whole team, they gassin' on us
You sit too far down on 'em charts to even ask me who's in charge

[Chorus: JENNIE]
Ridin' 'round, foreign cars (JENNIE)
Top down, starin' at the stars (JENNIE)
Attitude, so don't start shit (JENNIE)
Big moves, only extra large, yeah
Ridin' 'round, foreign cars
Top down, starin' at the stars, yeah
Attitude, so don't start shit
Big moves, only extra large, yeah
See pop shows near Vancouver
Get tickets as low as $42

You might also like
Intro : JANE
JENNIE & FKJ
Revolving door
Tate McRae
FXCK UP THE WORLD
LISA

[Interlude: Doechii]
Wait (Do my ladies run this?)
Wait (Do my ladies run this?)
Wait (Do my ladies run this?)
Doechii (Yo, yeah)

[Verse 2: Doechii & JENNIE]
Gimme chi, gimme purr, gimme meow, gimme her, gimme funds
Gimme rights, gimme fight, gimme nerve, gimme cunt, let me serve, rrr
Lemme, lemme out, lemme in
Knock the doors down, got the keys to the Benz
In the boardroom looking bored 'cause I'm not here for pleasin' the men
Not here to reason with them
Misbehaved, Miss Push-My-Pen
I can't tame my passion for him
Can't keep up, what happened to them? (Do my ladies run this?)
Yeah, we lappin' the men (Aw, ha-ha-ha-ha)

[Verse 3: JENNIE & Doechii]
Top of the food chain, bussin' a new chain
This ain't a new thing, no, sir
Money on stupid, hopped in a new whip
You still on my old work (Yeah, yeah)
Work, work, this might hurt (Yeah, yeah)
I sweat hard, wet T-shirt (Yeah, yeah)
Extra large, ain't scared of the dirt (Yeah, yeah)
Hit that jackpot, now I'm


[Chorus: JENNIE & Doechii]
Ridin' 'round (Ridin' 'round), foreign cars (Foreign cars)
Top down (Top down), starin' at the stars, yeah
Attitude (Attitude), so don't start shit (So, don't start shit)
Big moves, only extra large, yeah (Big, big, big, big)
Ridin' 'round (Ridin' 'round), foreign cars (Foreign cars) (Do my, do my ladies run this, ladies run this?)
Top down (Top down), starin' at the stars, yeah (Do my, do my ladies run this, ladies run this?)
Attitude (Attitude), so don't start shit (So don't start shit) (Do my, do my ladies run this, ladies run this?)
Big moves, only extra large, yeah (Big, big, big, big) (Do my, do my ladies run this, ladies run this?)

[Bridge: JENNIE & Doechii]
Work, work, this might hurt
I sweat hard, wet T-shirt
Extra large, ain't scared of the dirt (Scared of the dirt), yeah, yeah
Work, work, this might hurt
I sweat hard, wet T-shirt (Yeah, yeah)
Extra large, ain't scared of the dirt (Yeah, yeah) (Scared of the dirt)
Work, work (Rrr)

[Outro: JENNIE]
Do my, do my ladies run this, ladies run this?
Do my, do my ladies run this, ladies run this?
Do my, do my ladies run this, ladies run this?
Do my, do my ladies run this, ladies run this?"
Please Please Please,Sabrina Carpenter,pop,"[Verse 1]
I know I have good judgment, I know I have good taste
It's funny and it's ironic that only I feel that way
I promise 'em that you're different and everyone makes mistakes
But just don't
I heard that you're an actor, so act like a stand-up guy
Whatever devil's inside you, don't let him out tonight
I tell them it's just your culture and everyone rolls their eyes
Yeah, I know
All I'm asking, baby

[Chorus]
Please, please, please
Don't prove I'm right
And please, pleasе, please
Don't bring me to tеars when I just did my makeup so nice
Heartbreak is one thing, my ego's another
I beg you, don't embarrass me, motherfucker, oh
Please, please, please (Ah)

[Verse 2]
Well, I have a fun idea, babe (Uh-huh), maybe just stay inside
I know you're cravin' some fresh air, but the ceiling fan is so nice (It's so nice, right?)
And we could live so happily if no one knows that you're with me
I'm just kidding, but really (Kinda), really, really
See Sabrina Carpenter Live
Get tickets as low as $230

You might also like
Sympathy is a knife
Charli xcx
Tobey
Eminem, Big Sean & BabyTron
Close To You
Gracie Abrams

[Chorus]
Please, please, please (Please don't prove I'm right)
Don't prove I'm right
And please, please, please
Don't bring me to tears when I just did my makeup so nice
Heartbreak is one thing (Heartbreak is one thing), my ego's another (Ego's another)
I beg you, don't embarrass me, motherfucker, oh
Please, please, please (Ah)

[Outro]
If you wanna go and be stupid
Don't do it in front of me
If you don't wanna cry to my music
Don't make me hate you prolifically
Please, please, please (Please)
Please, please, please (Please)
Please (Please), please (Please), please
(Ah)"
ALL MY LOVE,Coldplay,rock,"[Verse 1]
We've been through low
Been through sunshine, been through snow
All the colours of the weather
We've been through high
Every corner of the sky
And still we're holding on together

[Chorus]
You got all my love
Whether it rains or pours, I'm all yours
You've got all my love
Whether it rains, it remains
You've got all my love

[Verse 2]
And till I die
Let me hold you if you cry
Be my one, two, three, forever

[Chorus]
'Cause you got all my love
Whether it rains or pours, I'm all yours
You've got all my love
Whether it rains, it remains
You'vе got all my love
See upcoming rock shows
Get tickets for your favorite artists

You might also like
Thick Of It
KSI
Darling, I
Tyler, The Creator
Sticky
Tyler, The Creator

[Bridge]
La-la, la-la, la, lay
Whether it rains or pours, I'm all yours
La-la, la-la, la, lay
That's all, all I can say

[Guitar Solo]

[Chorus]
Ooh, you got all my lovе
Oh, for now and always, till the end of my days
You got all my love
You've got all my love"
MILLION DOLLAR BABY,Tommy Richman,r&b,"[Verse 1]
We've been through low
Been through sunshine, been through snow
All the colours of the weather
We've been through high
Every corner of the sky
And still we're holding on together

[Chorus]
You got all my love
Whether it rains or pours, I'm all yours
You've got all my love
Whether it rains, it remains
You've got all my love

[Verse 2]
And till I die
Let me hold you if you cry
Be my one, two, three, forever

[Chorus]
'Cause you got all my love
Whether it rains or pours, I'm all yours
You've got all my love
Whether it rains, it remains
You'vе got all my love
See upcoming rock shows
Get tickets for your favorite artists

You might also like
Thick Of It
KSI
Darling, I
Tyler, The Creator
Sticky
Tyler, The Creator

[Bridge]
La-la, la-la, la, lay
Whether it rains or pours, I'm all yours
La-la, la-la, la, lay
That's all, all I can say

[Guitar Solo]

[Chorus]
Ooh, you got all my lovе
Oh, for now and always, till the end of my days
You got all my love
You've got all my love"
Manchild,Sabrina Carpenter,pop,"[Intro]
Oh boy

[Verse 1]
You said your phone was broken, just forgot to charge it
Whole outfit you're wearing, God, I hope it's ironic
Did you just say you're finished? Didn't know we started
It's all just so familiar, baby, what do you call it?

[Pre-Chorus]
Stupid
Or is it slow?
Maybe it's useless?
But there's a cuter word for it, I know

[Chorus]
Man-child
Why you always come a-running to me?
Fuck my life
Won't you let an innocent woman be?
Never heard of self-care
Half your brain just ain't there
Man-child
Why you always come a-running, taking all my loving from me?

[Verse 2]
Why so sexy if so dumb?
And how survive the Earth so long?
If I'm not there, it won't get done
I choose to blame your mom
See Sabrina Carpenter Live
Get tickets as low as $230

You might also like
Nettles
Ethel Cain
Sabrina Carpenter - Manchild (Tradução em Português)
Genius Brasil Traduções
New York
Addison Rae

[Chorus]
Man-child
Why you always come a-running to me?
Fuck my life
Won't you let an innocent woman be?
Never heard of self-care
Half your brain just ain't there
Man-child
Why you always come a-running, taking all my loving from me?

[Bridge]
Oh, I like my boys playing hard to get
And I like my men all incompetent
And I swear they choose me, I'm not choosing them
Amen, hey, men
Oh, I like my boys playing hard to get (Play hard to get)
And I like my men all incompetent (Incompetent)
And I swear they choose me, I'm not choosing them (Not choosing them)
Amen (Amen), hey, men (Hey, men)

[Chorus]
Man-child
Why you always come a-running to me? (Always come a-running to me)
Fuck my life
Won't you let an innocent woman be? (Amen)


[Outro]
Oh, I like my boys playing hard to get (Play hard to get)
And I like my men all incompetent (Incompetent)
And I swear they choose me, I'm not choosing them (Not choosing them)
Amen (Amen), hey, men (Hey, men)"
Anxiety,Doechii,rap,"[Refrain]
Anxiety, keep on trying me
I feel it quietly, tryna silence me, yeah
My anxiety, can't shake it off of me
Somebody's watchin' me and my anxiety, yeah

[Post-Refrain]
Oh
Oh, oh, oh, oh, oh

[Verse 1]
Solo, no mojo
I bounce back, no pogo
Unhappy, no homo
New brands, no logos
Money on my jugular, natural hustler
Think I need a smuggler up in Russia
You could be my butler, shine my cutla'
Shout out to Oyenda, that's the guzzler
Okay, next thing, my life is a wet dream
I call it a sex scene, the back is a nice tease
I tried to escape, my life is a X-rate
I'm sorry, a sex tape, you only get one take

[Interlude]
Quiet on the set, please
Rolling ""Anxiety""
In three, two, one
See upcoming rap shows
Get tickets for your favorite artists

You might also like
How Bad Do U Want Me
Lady Gaga
Garden Of Eden
Lady Gaga
Handlebars
JENNIE & Dua Lipa

[Refrain]
Anxiety, keep on tryin' me
I feel it quietly, tryna silence me, yeah
Anxiety, shake it off of me
Somebody's watchin' me, it's my anxiety, yeah (Brrah)

[Chorus]
Anxiety, anxiet— oh, I feel it tryin' (Oh)
Keep it tryin', keep it tryin', oh, I feel the silence (Oh)
Keep it quiet, keep it tired, oh, somebody's watchin' me (Ooh, la-da, woah)
Anxiety, anxiet— oh, I feel anxiet— (Oh, oh, oh, oh)
My anxiety, anxiet— oh, I feel it tryin' (It's my anxiety, can't let it conquer me)
Keep it tryin', keep it tryin', oh, I feel the silence (It's my anxiety, gotta shake it off of me)
Keep it quiet, keep it quiet, oh, somebody's watchin' me (It's my anxiety, can't let it caution me)
Anxiety, anxiet— oh, I feel anxiety (It's my anxiety, gotta keep it off of me)
Anxiety, anxiet— oh, I feel it tryin'
Keep it tryin', keep it tryin', oh, I feel the silence
Keep it quiet, keep it quiet, oh, somebody's watchin' me
Anxiety, anxiet— oh, I feel anxiety

[Verse 2]
Court order from Florider
What's in that clear blue water?
No limits, no borders
What's in that new world order?
Marco (Marco) Polo (Polo)
Negro run from po-po (Po-po)
That blue light and that rojo (Rojo)


[Interlude]
And it's like
I get this tightness in my chest
Like an elephant is standing on me
And I just let it take over

[Bridge]
Anxiety
Keeps on tryin' me
Anxiety
Keeps on tryin' me, yeah

[Chorus]
Anxiety, anxiet— oh, I feel it tryin' (Ooh)
Keep it tryin', keep it tryin', oh, I feel the silence
Keep it quiet, keep it quiet, oh, somebody's watchin' me (Oh, it keeps on tryin' me)
Anxiety, anxiet— oh, I feel anxiet— (It keeps on tryin', t-tryin', tryin', oh)
My anxiety, it's my anxiety, can't shake it off of me (It's my anxiety)
It's my anxiety, gotta keep it off of me (Can't shake it off of me)
It's my anxiety, can't shake it off of me (Oh, somebody's watchin' me)
It's my anxiety, gotta keep it off of me (Brrah)

[Outro]
Can't shake it off of me, shake, shake it off of me (Yeah)
It's my anxiety, gotta keep it off of me (Yeah)
Can't shake it off of me, shake, shake it off of me
It's my anxiety, gotta shake it off of me
Me
Me"
Move feat. Malachiii,"Adam Port, Stryv",Afrobeats,"[Verse 1: Malachiii]
Fire burnin'
Style gunnin', ayy
I'm feenin', I just want a taste
Got the feelin' you don't wanna wait
I know that you want me here and now
Fire burnin'
Style gunnin', ayy
I'm feenin', I just want a taste
Got the feelin' you don't wanna wait
I know that you want me here and now

[Pre-Chorus: Malachiii]
Know you wanna party
Listen to your body
I want to get naughty

[Chorus: Malachiii]
Girl, I really like the way you move, move, move
Girl, I really like the way you move, move, move
Girl, I really like the way you move
Girl, I really like the way you—
Girl, I really like the way you—

[Verse 2: Malachiii]
Body turnin'
Let me work it, ayy
Put it on me, my hands on your waist
Later, you can comе over my place
I know that you want me hеre and now
See pop shows near Vancouver
Get tickets as low as $42

You might also like
Temporary
Eminem & Skylar Grey
Close To You
Gracie Abrams
Antichrist
Eminem

[Pre-Chorus: Malachiii]
Know you wanna party
Listen to your body
I want to get naughty

[Chorus: Malachiii]
Girl, I really like the way you move, move, move
Girl, I really like the way you move, move, move
Girl, I really like the way you move
Girl, I really like the way you—
Girl, I really like the way you move

[Outro: Malachiii]
Know you wanna party
Listen to your body
I want to get naughty
Girl, I really like the way you—"
Mantra,JENNIE,r&b,"[Intro]
Pretty, pretty, pretty, pretty

[Chorus]
This that pretty-girl mantra, this that flaunt ya, just touched down in L.A.​
Pretty girls don't do drama 'less we wanna, it'll be depending on the day
Pretty girls packed in a Defender, know I'ma defend her, never let her catch no stray
This that pretty-girl mantra, she's that stunna, make you wanna swing both ways

[Verse 1]
Mix me with the drama (Drama)
Check you like commas (Ah-ah, ah-ah)
My clothes are pajamas ('Jamas)
Straight from the cold plunge (Ah-ah, ah-ah)
Daytime baddie use her mind
Quick switch of the fit for the night (Night)
Swеrvin' through the lane, we'll bе twenty minute late
'Cause we had to do an In-N-Out drive-by

[Pre-Chorus]
It's not that deep (Deep), I'm not that drunk (Drunk)
Sometimes, girls just gotta have fun
Throw it back, all that ass
Me and my sis, way too attached
It's not that deep (Deep), we're not that dumb (Dumb)
Look at them Bonnies on the run
Inside glowin' like the sun (Sun, s—)
You're gonna feel this every day (Day)
See pop shows near Vancouver
Get tickets as low as $42

You might also like
like JENNIE
JENNIE
She Knows
J. Cole
Thick Of It
KSI

[Chorus]
This that pretty-girl mantra, this that flaunt ya, just touched down in L.A.​
Pretty girls don't do drama 'less we wanna, it'll be depending on the day
Pretty girls packed in a Defender, know I'ma defend her, never let her catch no stray
This that pretty-girl mantra, she's that stunna, make you wanna swing both ways

[Verse 2]
Love what it feel like (Feel like)
To be off of the grid like all night
Oh, with my bih, like (Bitch, like)
We ain't even tryna talk no one
Swerve off all the creeps, no weird vibes
We ain't never let it ruin a good time
Ain't nobody gon' dim our good light
This them words we're livin' by

[Chorus]
This that pretty-girl mantra, this that flaunt ya, just touched down in L.A. (Ah)
Pretty girls don't do drama 'less we wanna, it'll be depending on the day (Ah, ah, ah)
Pretty girls packed in a Defender, know I'ma defend her, never let her catch no stray (Ah, ah)
This that pretty-girl mantra, she's that stunna, make you wanna swing both ways (Ah, ah, ah)
This that pretty-girl mantra, this that flaunt ya, just touched down in L.A. (Ah, ah)
Pretty girls don't do trauma, no new drama, we already got a full day (Ah, ah)
Pretty girls that you gon' remember, know that you could never, nothing ever trigger me (Ah, ah)
This that pretty-girl mantra, she's that stunna, everyone knows she is me (Ah)


[Outro]
Hahahahahahaha
Pretty"
CHIHIRO,Billie Eilish,r&b,"[Verse 1]
To take my love away
When I come back around, will I know what to say?
Said you won't forget my name
Not today, not tomorrow
Kinda strange, feelin' sorrow
I got change (Yup), you could borrow (Borrow, borrow, borrow)
When I come back around, will I know what to say?
Not today, maybe tomorrow

[Chorus]
Open up the door, can you open up the door?
I know you said before you can't cope with any more
You told me it was war, said you'd show me what's in store
I hope it's not for sure, can you open up the door?

[Refrain]
Did you take
My love away
From me? Me
Me

[Verse 2]
Saw your seat at the counter when I looked away
Saw you turn around, but it wasn't your face
Said, ""I need to be alone now, I'm takin' a break""
How come when I rеturned, you were gonе away?
See pop shows near Vancouver
Get tickets as low as $42

You might also like
True Blue (Demo)
Billie Eilish
Sticky
Tyler, The Creator
WILDFLOWER
Billie Eilish

[Bridge]
I don't, I don't know why I called
I don't know you at all
I don't know you
Not at all
I don't, I don't know why I called
I don't know you at all
I don't know you

[Refrain]
Did you take
My love away
From me? Me

[Interlude]
And that's when you found me

[Verse 3]
I was waitin' in the garden
Contemplatin', beg your pardon
But there's a part of me that recognizes you
Do you feel it too?
When you told me it was serious
Were you serious? Mm
They told me they were only curious
Now it's serious, mm


[Chorus]
Open up the door, can you open up the door?
I know you said before you can't cope with any more
You told me it was war, said you'd show me what's in store
I hope it's not for sure, can you open up the door?

[Outro]
Wringing my hands in my lap
And they tell me it's all been a trap
And you don't know if you'll make it back
I said, ""No, don't say that""
(Wringing my hands in my lap)
(And you tell me it's all been a trap)
(And you don't know if you'll make it back)
(But I said, ""No, don't say that"")
(Wringing my hands in my lap)
(Tell me it's all been a trap)
(Don't know if you'll make it back)
(Don't say that)
Hm-hm"
Taste,Sabrina Carpenter,pop,"[Verse 1]
Oh, I leave quite an impression
Five feet to be exact
You're wonderin' why half his clothes went missin'
My body's where they're at

[Pre-Chorus]
Now I'm gone, but you're still layin'
Next to me, one degree of separation

[Chorus]
I heard you're back together and if that's true
You'll just have to taste me when he's kissin' you
If you want forever, and I bet you do
Just know you'll taste me too

[Post-Chorus]
Uh-huh

[Verse 2]
He pins you down on the carpet
Makes paintings with his tongue (La-la-la-la-la-la-la)
Hе's funny now, all his jokes hit different
Guеss who he learned that from?

[Pre-Chorus]
Now I'm gone, but you're still layin'
Next to me, one degree of separation
See Sabrina Carpenter Live
Get tickets as low as $230

You might also like
Sticky
Tyler, The Creator
Thick Of It
KSI
ROSÉ & Bruno Mars - APT. (Romanized)
Genius Romanizations

[Chorus]
I heard you're back together and if that's true
You'll just have to taste me when he's kissin' you
If you want forever, and I bet you do (I bet you do)
Just know you'll taste me too

[Post-Chorus]
La-la-la-la-la-la-la

[Bridge]
Every time you close your eyes
And feel his lips, you're feelin' mine
And every time you breathe his air
Just know I was already there
You can have him if you like
I've been there, done that once or twice
And singin' 'bout it don't mean I care
Yeah, I know I've been known to share

[Chorus]
Well, I heard you're back together and if that's true
You'll just have to taste me when he's kissin' you
If you want forever, and I bet you do (I bet you do)
Just know you'll taste me too

[Outro]
Taste me too, ow (La-la-la-la-la-la-la)
You'll just have to taste me when he's kissin' you
You, no, yeah, ah-ah (La-la-la-la-la-la-la)
You'll just have to taste me when he's kissin' you"
I Had Some Help,Post Malone,pop,"[Verse 1: Post Malone]
You got a lotta nerve, don't you, baby?
I only hit the curb 'cause you made me
You're tellin' all your friends that I'm crazy
Like I'm the only one
Why'd you throw them stones if you
Had a wild hair of your own or two?
Livin' in your big glass house with a view
I thought you knew

[Chorus: Post Malone]
I had some help
It ain't like I can make this kinda mess all by myself
Don't act like you ain't help me pull that bottle off the shelf
Been deep in every weekend if you couldn't tell
They say, ""Teamwork makes the dream work,"" hell, I had some help (Help)

[Post-Chorus: Post Malone]
(Help)

[Verse 2: Morgan Wallen]
You thought I'd take the blame for us a-crumbling
Go 'round like you ain't guilty of somethin'
Already lost the game that you been runnin'
Guess it's catchin' up to you, huh
You think that you're so innocent
After all the shit you did
I ain't an angel, you ain't heaven-sent
Can't wash our hands of this
See Post Malone Live
Get tickets as low as $26

You might also like
meet the grahams
Kendrick Lamar
LUNCH
Billie Eilish
Family Matters
Drake

[Chorus: Morgan Wallen]
I had some help
It ain't like I can make this kinda mess all by myself
Don't act like you ain't help me pull that bottle off the shelf
Been deep in every weekend if you couldn't tell
They say, ""Teamwork makes the dream work,"" hell, I had some help (Help)

[Post-Chorus: Post Malone]
(Help)
(Help)
(Help)

[Bridge: Morgan Wallen, Post Malone & Both]
It takes two to break a heart in two, ooh
Baby, you blame me and, baby, I blame you
Aw, if that ain't the truth (Oh)

[Chorus: Post Malone & Morgan Wallen]
I had some help
It ain't like I can make this kinda mess all by myself
Don't act like you ain't help me pull that bottle off the shelf
Been deep in every weekend if you couldn't tell
They say, ""Teamwork makes the dream work,"" hell, I had some help (Help)

[Post-Chorus: Post Malone]
(Help)
(Help)
(Help)



"
That’s So True,Gracie Abrams,pop,"[Verse 1]
I could go and read your mind
Think about your dumb face all the time
Living in your glass house, I'm outside, uh
Looking in her big blue eyes
Did it just to hurt me, make me cry
Smiling through it all, yeah, that's my life

[Pre-Chorus]
You're an idiot, now I'm sure
Now I'm positive, I should go and warn her

[Chorus]
Ooh, bet you're thinking, ""She's so cool""
Kicking back on your couch, making eyes from across the room
Wait, I think I've been there too, ooh

[Verse 2]
What'd she do to get you off? (Uh-huh)
Taking down her hair like, oh, my God
Taking off your shirt, I did that once
Or twice, uh
No, I know, I know I'll fuck off (Uh-huh)
But I think I like her, she's so fun
Wait, I think I hate her, I'm not that evolved, I'm sorry
See pop shows near Vancouver
Get tickets as low as $42

You might also like
Sticky
Tyler, The Creator
São Paulo
The Weeknd & Anitta
Thick Of It
KSI

[Pre-Chorus]
She's missing it, sad, sad boy
Not my business, but I had to warn ya

[Chorus]
Ooh, bet you're thinking, ""She's so cool""
Kicking back on your couch, making eyes from across the room
Wait, I think I've been there too, ooh
Ooh, you've got me thinking, ""She's so cool""
But I know what I know and you're just another dude
Ooh, that's so true, ooh

[Bridge]
Made it out alive, but I think I lost it
Said that I was fine, said it from my coffin
Remember how I died when you started walking?
That's my life, that's my life
I'll put up a fight, taking out my earrings
Don't you know the vibe? Don't you know the feeling?
And she'll spend the night, catch me on your ceiling
That's your price, that's your price
Well

[Chorus]
Mm, bet you're thinking, ""She's so cool""
Kicking back on your couch, making eyes from across the room
Wait, I think I've been there too, ooh
Ooh, you've got me thinking, ""She's so cool""
But I know what I know, and you're just another dude
Ooh, that's so true, ooh-ooh, oh"
number one girl,ROSÉ,pop,"[Verse 1]
Tell me that I'm special, tell me I look pretty
Tell me I'm a little angel, sweetheart of your city
Say what I'm dying to hear
'Cause I'm dying to hear you

[Verse 2]
Tell me I'm that new thing, tell me that I'm relevant
Tell me that I got a big heart, then back it up with evidence
I need it and I don't know why
This late at night

[Chorus]
Isn't it lonely?
I'd do anything to make you want me
I'd give it all up if you told me that I'd be
The number one girl in your eyes
Your one and only
So what's it gon' take for you to want me?
I'd give it all up if you told me that I'd be
The number one girl in your eyes

[Verse 3]
Tell me I'm going real big places, down to earth, so friendly
And even through all the phases, tell me you accept me
Well, that's all I'm dying to hear
Yeah, I'm dying to hear you
See pop shows near Vancouver
Get tickets as low as $42

You might also like
toxic till the end
ROSÉ
3am
ROSÉ
Dream
LISA

[Verse 4]
Tell me that you need me, tell me that I'm loved
Tell me that I'm worth it, and that I'm enough
I need it and I don't know why
This late at night

[Chorus]
Isn't it lonely?
I'd do anything to make you want me
I'd give it all up if you told me that I'd be
The number one girl in your eyes
Your one and only
So what's it gon' take for you to want me?
I'd give it all up if you told me that I'd be
The number one girl in your eyes

[Bridge]
The girl in your eyes, the girl in your eyes
Tell me I'm the number one girl
I'm the number one girl in your eyes
The girl in your eyes, the girl in your eyes
Tell me I'm the number one girl
I'm the number one girl in your eyes

[Chorus]
Well, isn't it lonely?
I'd do anything to make you want me
I'd give it all up if you told me that I'd be
The number one girl in your eyes
Your one and only
So what's it gon' take for you to want me?
I'd give it all up if you told me that I'd be
The number one girl in your eyes
The number one girl in your eyes"
"Sally, When The Wine Runs Out",ROLE MODEL,pop,"[Verse 1]
Well
I met Sally at a late-night dive bar
She don't dance, but she downs her drinks
Heard through a friend she's a born-again wildcard
She was telling me wild things
Oh, she was telling me wild things

[Verse 2]
Lives down the street, past the 7-Eleven
Just close enough that I spent the night
She grabbed my hand at the intersection
I spilled my guts at the red light

[Chorus]
Sally
That feeling's coming around
Please don't go falling in love
Then disappear when the wine runs out (Hеy)
Sally
I'll buy a couple of rounds
Don't let me think I'm еnough
Then disappear when the wine runs out

[Post-Chorus]
(Yoo-hoo)
Yeah-eah
Ah, nah, no-no
Sally (Uh)
(Ha-ha)
See ROLE MODEL Live
Get tickets as low as $357

You might also like
The Giver
Chappell Roan
Father Figure
Taylor Swift
Actually Romantic
Taylor Swift

[Verse 3]
Well, I open up while she's flipping through pages
Getting lonely as the days get dark
If you're bored and your mind starts changing
Maybe just give me a head start (Ah-ah)

[Pre-Chorus]
And I, I see the glass in your eyes (Eyes)
Just tryna keep it alive
For crying out loud (Oh)

[Chorus]
Sally
That feeling's coming around
Please don't go falling in love
Then disappear when the wine runs out (Hey)
Sally
I'll buy a couple of rounds
Don't let me think I'm enough
Then disappear when the wine runs out

[Post-Chorus]
(Woo)

[Bridge]
Aw, shit, here we go again, I'm falling headfirst (Yeah-yeah-yeah-yeah)
Ankles hit the two-step, Sally makes my head hurt
Heard through the grapevine, she can be a diva
Cold like Minnesota (Woo), hotter than a fever (Hey)
Aw, shit, here we go again, I'm falling headfirst
Ankles hit the two-step, Sally makes my head hurt (Hey)
Heard through the grapevine, she can be a diva
Cold like Minnesota, hotter than a fever (Hey)


[Chorus]
Sally (Hey)
That feeling's coming around (Ah-ah, ah)
Please don't go falling in love (Oh)
Then disappear when the wine runs out (Hey)
Sally
I'll buy a couple of rounds (I'll buy a couple)
Don't let me think I'm enough
Then disappear when the wine runs out

[Outro]
(Woo-hoo, ooh)"
toxic till the end,ROSÉ,pop,"[Verse 1]
Call us what we are, toxic from the start
Can't pretend that I was in the dark
When you met my friends, didn't even try with them
I should've known it then

[Pre-Chorus]
That you were jealous and possessive
So manipulatin'
Honestly, impressive
You had me participatin'

[Chorus]
Back then, when I was runnin' out of your place
I said, ""I never wanna see your face""
I meant I couldn't wait to see it again
We were toxic till the end
Uh-huh, 'cause even when I said it was over
You heard, ""Baby, can you pull me in closеr?""
You were plotting how to stay in my head
Wе were toxic till the end

[Interlude]
Ladies and gentlemen
I present to you
The ex
See pop shows near Vancouver
Get tickets as low as $42

You might also like
number one girl
ROSÉ
3am
ROSÉ
Dream
LISA

[Verse 2]
His favourite game is chess, who would ever guess?
Playing with the pieces in my chest
Now he's on the screen and saying, ""Don't leave""
You stole that line from me

[Pre-Chorus]
'Cause you're just jealous and possessive
So manipulatin'
Honestly, impressive
You had me participatin'

[Chorus]
Back then, when I was runnin' out of your place
I said, ""I never wanna see your face""
I meant I couldn't wait to see it again
We were toxic till the end
Uh-huh, 'cause even when I said it was over
You heard, ""Baby, can you pull me in closer?""
You were plotting how to stay in my head
We were toxic till the end, end, end

[Bridge]
I can forgive you for a lot of things
For not giving me back my Tiffany rings
I'll never forgive you for one thing, my dear
You wasted my prettiest years


[Chorus]
Back then, when I was runnin' out of your place
I said, ""I never wanna see your face""
I meant I couldn't wait to see it again
We were toxic
Uh-huh, 'cause even when I said it was over
You heard, ""Baby, can you pull me in closer?""
You were plotting how to stay in my head
We were toxic till the end, end, end
We were toxic till the end, end, end"
"Good Luck, Babe!",Chappell Roan,pop,"[Verse 1]
It's fine, it's cool
You can say that we are nothing, but you know the truth
And guess I'm the fool
With her arms out like an angel through the car sunroof

[Pre-Chorus]
I don't wanna call it off
But you don't wanna call it love
You only wanna be the one that I call ""baby""

[Chorus]
You can kiss a hundred boys in bars
Shoot another shot, try to stop the feeling
You can say it's just the way you are
Make a new excuse, 'nother stupid reason
Good luck, babe (Well, good luck)
Well, good luck, babe (Well, good luck)
You'd have to stop the world just to stop the feeling
Good luck, babe (Well, good luck)
Well, good luck, babe (Well, good luck)
You'd have to stop the world just to stop the feeling

[Verse 2]
I'm cliché, who cares?
It's a sexually explicit kind of love affair
And I cry, it's not fair
I just need a little lovin', I just need a little air
See Chappell Roan Live
Get tickets as low as $216

You might also like
Pi
J. Cole
Karma
JoJo Siwa
So Long, London
Taylor Swift

[Pre-Chorus]
Think I'm gonna call it off
Even if you call it love
I just wanna love someone who calls me ""baby""

[Chorus]
You can kiss a hundred boys in bars
Shoot another shot, try to stop the feeling
You can say it's just the way you are
Make a new excuse, 'nother stupid reason
Good luck, babe (Well, good luck)
Well, good luck, babe (Well, good luck)
You'd have to stop the world just to stop the feeling
Good luck, babe (Well, good luck)
Well, good luck, babe (Well, good luck)
You'd have to stop the world just to stop the feeling

[Bridge]
Ah, ah-yeah, oh
When you wake up next to him in the middle of the night
With your head in your hands, you're nothing more than his wife
And when you think about me all of those years ago
You're standing face to face with ""I told you so""
You know I hate to say, I told you so
You know I hate to say, but I told you so


[Chorus]
You can kiss a hundred boys in bars
Shoot another shot, try to stop the feeling (Well, I told you so)
You can say it's just the way you are
Make a new excuse, 'nother stupid reason
Good luck, babe (Well, good luck)
Well, good luck, babe (Well, good luck)
You'd have to stop the world just to stop the feeling
Good luck, babe (Well, good luck)
Well, good luck, babe (Well, good luck)
You'd have to stop the world just to stop the feeling

[Outro]
You'd have to stop the world just to stop the feeling
You'd have to stop the world just to stop the feeling
You'd have to stop the world just to stop the feeling"
Azizam,Ed Sheeran,pop,"[Chorus]
Azizam
Meet me on the floor tonight
Show me how to move like the water
In between the dancin' lights
Be mine, be mine, azizam

[Verse 1]
I wanna be nowhere but here with you now
I wanna be one in this space
I wanna be tangled and wrapped in your cloud
I wanna be close to your face

[Pre-Chorus]
Well, tomorrow can wait, freezin' time in this place
Till the sun is awake, be like a magnet on me
I don't care what they say, we can do it our way
And if love's just a game, then comе and play

[Chorus]
Azizam
Meet me on the floor tonight
Show me how to movе like the water
In between the dancin' lights
Be mine, be mine, azizam
See Ed Sheeran Live
Get tickets as low as $67

You might also like
Sapphire
Ed Sheeran
Henry, come on
Lana Del Rey
Ed Sheeran - Azizam (ترجمه فارسی)
Genius Farsi Translations (ترجمه‌ی فارسی)

[Post-Chorus]
Azizam
Azizam

[Verse 2]
I wanna get lost in your ocean and drown
I wanna be careless and free
I wanna live here in the moment we found
I wanna be all that you see

[Pre-Chorus]
Well, tomorrow can wait, freezin' time in this place
Till the sun is awake, be like a magnet on me
I don't care what they say, we can do it our way
And if love's just a game, then come and play

[Chorus]
Azizam
Meet me on the floor tonight
Show me how to move like the water
In between the dancin' lights
Be mine, be mine, azizam
Meet me on the floor tonight
Show me how to move like the water
In between the dancin' lights
Be mine, be mine, azizam


[Post-Chorus]
Azizam
Azizam"
The Real Thing,PJ,r&b,"[Verse 1]
Where my?
Where my riders, my survivors?
Where my? Where the ones who never hiding?
Never running from your problems
And you did the shit without them
Did they help you?
Did they get you there?
I’m just like you
They hurt me too, but I’m beyond it
I took the pain and made a case for my alignment
Remember that, they didn’t see it
Even now, they can’t believe it

[Chorus]
When you rеal, you keep it real with everybody
Whеn the real recognize real
It ain’t a problem
And, baby, don’t you see?
Baby, I’m the real thing (Yeah, yeah, yeah)
Baby, can’t you see a–
Baby, I’m the real thing (Yeah, yeah, yeah)

[Verse: 2]
(Where My?)
I remember counting pennies
Just to get around the city
All that hustle, you remember that?
Where my pressure?
Where my diamonds?
Boy, you wouldn’t recognize me
If you saw me, where they left me at? (Real)
Where all my women Independent with a job?
Didn’t that struggle
Only turn you to a monster?
Who get it done?
And don’t depend on anybody
Look like to me
Most y’all wouldn’t know nothing about it
See R&B shows near Vancouver
Get tickets as low as $42

You might also like
Mazinger
Lupe Fiasco
Losin’ Streak
Blake Roman, Sam Haft & Andrew Underberg
Gabriela
KATSEYE

[Chorus]
When you real, you keep it real with everybody
When the real recognize real
It ain’t a problem
And, baby, don’t you see?
Baby, I’m the real thing (Yeah, yeah, yeah)
Baby, can’t you see a–

[Bridge]
I’m always gone get what I need
I’m always land on my feet, yeah
This is that get what you see
And so many people
They don’t know nothing about it
I’m always gone show my receipts
I know who I am
Don’t care what you perceive
I might show my heart
But I’m never exposed
Try protect my heart my mind body and soul

[Chorus]
And, baby, don’t you see?
Baby, I’m the real thing (Yeah, yeah, yeah)
Baby, can’t you see a–
Baby, I’m the real thing (Yeah, yeah, yeah)


[Outro]
Can the real stand up? (Stand up)
We want the real stand up
‘Cause, baby, see a—
Baby, l’m the real thing (Yeah, yeah, yeah)"
back to friends,sombr,pop,"[Verse 1]
Touch my body tender
'Cause the feeling makes me weak
Kicking off the covers
I see the ceiling while you're looking down at me

[Chorus]
How can we go back to being friends
When we just shared a bed?
How can you look at me and pretend
I'm someone you've never met?

[Verse 2]
It was last December
You were layin' on my chest
I still remember
I was scared to take a breath
Didn't want you to movе your head

[Chorus]
How can we go back to being friеnds
When we just shared a bed? (Yeah)
How can you look at me and pretend
I'm someone you've never met?

[Bridge]
The devil in your eyes
Won't deny the lies you've sold
I'm holding on too tight
While you let go
This is casual
See upcoming rock shows
Get tickets for your favorite artists

You might also like
canal street
sombr
undressed
sombr
Wood
Taylor Swift

[Chorus]
How can we go back to being friends
When we just shared a bed? (Yeah)
How can you look at me and pretend
I'm someone you've never met?
How can we go back to being friends
When we just shared a bed? (Yeah)
How can you look at me and pretend
I'm someone you've never met?

[Outro]
I'm someone you've never met (Yeah)"
Made Me a Man,Jackson Wang,pop,"[Verse 1]
I learned how to run before I could walk
They silenced my voice before I could talk
Was chasin' the highs but I still missed the mark
But you were the light, you were the light when I was lost in the dark

[Pre-Chorus]
I told myself enough is enough
Tired of livin' life for the rush
It's all been a little too much

[Chorus]
But you made me a man
Ooh-ooh, ooh-ooh
You made me a man
Ooh-ooh, ooh-ooh

[Post-Chorus]
You made me a man
You made me a man
You made me a man

[Verse 2]
Take off the past, there's no going back
Takе off the mask, it ain't gonna last
Like a mirage I thought it was magic
Thought it was magic
See pop shows near Vancouver
Get tickets as low as $42

You might also like
Hate to Love
Jackson Wang (王嘉爾)
High Alone
Jackson Wang (王嘉爾)
Not For Me
Jackson Wang (王嘉爾)

[Pre-Chorus]
I told mysеlf enough is enough
Tired of livin' life for the rush
It's all been a little too much

[Chorus]
But you made me a man
Ooh-ooh, ooh-ooh
You made me a man
Ooh-ooh, ooh-ooh

[Post-Chorus]
You made me a man
You made me a man

[Outro]
Take off the past
Take off the mask
Live the magic"
Beautiful People,David Guetta & Sia,r&b,"[Intro]
Woah

[Refrain]
Hands outstretched, what you got?
Give me your best and I won't turn you down
'Cause you're always out to impress (Woah)
'Cause you're always out to impress (Woah)
You're always out to impress

[Verse 1]
This is the high life
Nothing dragging us through the thorns
This is the best time
To be young, old, or reborn
Live like we gonna die
Do things we never done before
This is the high life, the high life

[Chorus]
No, we won't say, ""No""
Beautiful people say, ""Go, go, go""
Beautiful people don't strеss, stress, stress
We nеver rest
Beautiful people say, ""Yes""
No, we won't say, ""No""
Beautiful people say, ""Go, go, go""
Beautiful people don't stress, stress, stress
We never rest
Beautiful people say, ""Yes""
See David Guetta Live
Get tickets as low as $67

You might also like
Vanish Into You
Lady Gaga
Garden Of Eden
Lady Gaga
Zombieboy
Lady Gaga

[Drop]
Woah
Beautiful people say, ""Yes""

[Refrain]
Hands outstretched, what you got?
Give me your best and I won't turn you down
'Cause you're always out to impress (Woah)
Always out to impress (Woah)
You're always out to impress

[Verse 2]
So come, come, come with me
Let's push on till the break of dawn
I love to party
And when I'm with you, game is on
I got the cure, you see
Ready, set, go, I dropped the bar
This is the high life, the high life

[Chorus]
No, we won't say, ""No""
Beautiful people say, ""Go, go, go""
Beautiful people don't stress, stress, stress
We never rest
Beautiful people say, ""Yes""
No, we won't say, ""No""
Beautiful people say, ""Go, go, go""
Beautiful people don't stress, stress, stress
We never rest
Beautiful people say, ""Yes""


[Drop]
Woah
Beautiful people say, ""Yes""
No, we won't say, ""No""
Beautiful people say, ""Go, go, go""
Beautiful people don't stress, stress, stress
We never rest
Beautiful people say, ""Yes"""
Open Hearts,The Weeknd,pop,"[Verse 1]
I can hear the wind blow, even through the window
I can hear the whisper, even with my ears closed
All the silver and gold only made my skin cold
I told myself I would never get old, then you pulled me in close
Oh, oh, oh

[Pre-Chorus]
Falling, angels call my name
But the things you say
Keeps me alive again

[Chorus]
Where do I start
When I open my heart?
It's never easy falling in love again
Cover my scars
When I open my arms
It's never еasy falling in love again

[Post-Chorus]
Falling in, falling in love
It's nevеr easy falling in love again
Falling in, falling in love
Falling in love again
See The Weeknd Live
Get tickets as low as $50

You might also like
Without A Warning
The Weeknd
Take Me Back to LA
The Weeknd
RATHER LIE
Playboi Carti & The Weeknd

[Verse 2]
Trapped inside a limbo, watching through a window of my soul
Suffering, I've been low, then I seen your halo
Oh, oh, oh

[Pre-Chorus]
Falling, angels call my name
But the things you say
Keeps me alive for another day

[Chorus]
Where do I start
When I open my heart?
It's never easy falling in love again
Cover my scars (Cover my scars)
When I open my arms (Open my arms)
It's never easy falling in love again (Oh)

[Post-Chorus]
Falling in, falling in love
It's never easy falling in love again
Falling in, falling in love (Oh)
Falling in love again"
I Don't Wanna Wait,David Guetta & OneRepublic,pop,"[Intro]
Let's make tonight the weekend
I don't wanna wai-ait
I don't wanna wai-ait
I don't wanna wait
Got no reason not to celebra-ate
Baby, I just don't wanna wait

[Verse 1]
Swimmin' in the deep blue
Got me thinkin' 'bout you
I'm just tryna dive right in
Wanna spend tonight like
The last night of our lives
Chasin' all the love we can

[Pre-Chorus]
And now, oh, I'm in a sea of lights
And all that I can see is you
And now I'm dyin' to feel alive
So baby, let's try somethin' new

[Chorus]
Let's make tonight the weekend
I don't wanna wai-ait
I don't wanna wai-ait
I don't wanna wait
Got no reason not to celebra-ate
Baby, I just don't wanna wait
Tonight's the weekend
I don't wanna wai-ait
I don't wanna wai-ait
I don't wanna wait
Got no reason not to celebra-ate
Baby, I just don't wanna wait
See David Guetta Live
Get tickets as low as $67

You might also like
7 Minute Drill
J. Cole
Red Leather
Future, Metro Boomin & J. Cole
But Daddy I Love Him
Taylor Swift

[Verse 2]
I've been chasin' so long
Every right that feels wrong
Rather be with you instеad
There's somethin' 'bout it right hеre
Got me seein' so clear
Rainbow-colored skies ahead

[Pre-Chorus]
Now, oh, I'm in a sea of lights
And all that I can see is you
And now I'm dyin' to feel alive
So baby, let's try somethin' new

[Chorus]
Let's make tonight the weekend
I don't wanna wai-ait
I don't wanna wai-ait
I don't wanna wait
Got no reason not to celebra-ate
Baby, I just don't wanna wait
Tonight's the weekend
I don't wanna wai-ait
I don't wanna wai-ait
I don't wanna wait
Got no reason not to celebra-ate
Baby, I just don't wanna wait


[Outro]
Let's make tonight the weekend
I don't wanna wai-ait
I don't wanna wai-ait
I don't wanna wait
Got no reason not to celebra-ate
Baby, I just don't wanna wait"
NOKIA,Drake,hip-hop,"[Pre-Chorus: Drake]
Who's callin' my phone? (Who's callin' that shit?)
Who's callin' my phone? (Who's callin' that shit?)
Who's callin' my phone? (Who's callin' that shit?)
Who's callin' my phone? (Who's callin' that shit?)
Who's callin' my phone? (Who? Who?)
Who's callin' my phone? (Who? Who?)
Who's callin' my phone? (Yeah, yeah)
Who's callin' my phone? (OVO Sound, 2025)
Who's callin' my phone? (Who's callin' that shit?)
Who's callin' my phone?

[Chorus: Elkan & Drake]
Is it Stacy? (Who's callin' my phone?)
Is it Becky? (Who's callin' my phone?)
Is it Keisha? (Who's callin' my phone?)
Is it Ashley? (Who's callin' my phone?)
Was it Dani? (Who's callin' my phone?)
Is it PARTY? (Who's callin' my phone?)
Where's the function? (Where the fuck the function?)
Send the addy (Where the fuck the function?)

[Verse: Drake]
The way I feel right now, I feel like we need to be all alone
So if you just playin' around, you need to tell your girl, ""Take your fine ass home,"" and that's real
Stop teasin' me, yeah, what? Stop teasin' me
I could change your life so easily
I keep beggin' you to stay, but you're leavin' me
Leavin' me, we got sticks in the club illegally
Got the whole 6ix side, they believe in me
We got members east of the DVP
We got members west on the 401
We had a lock on the game, but it's more to come
You gotta pop that ass 'til the morning come
You want shots for the girls? Then order some
See pop shows near Vancouver
Get tickets as low as $42

You might also like
BACKD00R
Playboi Carti
EVIL J0RDAN
Playboi Carti
GOOD CREDIT
Playboi Carti & Kendrick Lamar

[Pre-Chorus: Drake]
Who's callin' my phone? (Who's callin' that?)
Who's callin' my phone? (Who's callin' that shit?)
Who's callin' my phone? (Who's callin' that shit?)
Who's callin' my phone? (Who's callin' that shit?)
Who's callin' my phone? (Who? Who?)
Who's callin' my phone? (Who? Who?)
Who's callin' my phone? (Who? Who?)
Who's callin' my— (Ayy)

[Chorus: Elkan & Drake]
Is it Stacy? (Who's callin' my phone?)
Is it Becky? (Who's callin' my phone?)
Is it Keisha? (Who's callin' my phone?)
Is it Ashley? (Who's callin' my phone?)
Was it Dani? (Who's callin' my phone?)
Is it PARTY? (Who's callin' my phone?)
Where's the function? (Where the fuck the function?)
Send the addy (Where the fuck the function?)

[Part II]

[Intro: Elkan]
Baby girl
Baby girl
Baby girl


[Chorus: Drake & Elkan]
Baby girl
Let me see you do your dance, let me see you twirl
Shakin' ass in the club with your homegirls
Take a pic for the 'Gram, show the whole world (Show the whole world), yeah
Is that your bestie?
I'ma ice both of y'all like Gretzky
I'ma at you like bless me
Hit the dance floor, get nasty, impress me
Baby girl
Let me see you do your dance, let me see you twirl
Shakin' ass in the club with your homegirls
Take a pic for the 'Gram, show the whole world (Show the whole world), yeah
Is that your bestie?
I'ma ice both of y'all like Gretzky
I'ma at you like bless me
Hit the dance floor, get nasty, impress me

[Verse: Drake]
Ayy, how many hoes in this club?
Is it just me and you, my love?
I don't mean to call you no ho
I just heard about the things that you do, my love
And you're just like me, if it's true, my love, ayy
You could see right through my love, ayy
I see your waist shrunk, my love, ayy
You got some bass in the trunk, my love, damn
How many hoes in this club?
Is it really just me, my love?
You know my dad 'nem pimpin' for real
You ever been down to Memphis, Tennessee, my love? Uh
I ain't sayin' I agree, my love
I'm just tellin' you the things that I see, my love
I got drinks, jokes, sex, and cash
Those are four things I can guarantee, my love, ayy


[Chorus: Drake & Elkan]
Baby girl
Let me see you do your dance, let me see you twirl
Shakin' ass in the club with your homegirls
Take a pic for the 'Gram, show the whole world (Show the whole world), yeah
Is that your bestie?
I'ma ice both of y'all like Gretzky
I'ma at you like bless me
Hit the dance floor, get nasty, impress me
Baby girl
Let me see you do your dance, let me see you twirl
Shakin' ass in the club with your homegirls
Take a pic for the 'Gram, show the whole world (Show the whole world), yeah
Is that your bestie?
I'ma ice both of y'all like Gretzky
I'ma at you like bless me
Hit the dance floor, get nasty, impress me"
Cry For Me,The Weeknd,pop,"[Intro]
Ooh, yeah
Ooh, yeah

[Verse 1]
I can feel it
Girl, pick up your phone, I can't believe it
I can feel my spirit slowly leaving
I can't see myself and I'm not breathing (Ah)
I'm not breathing (I'm not breathing)
Slowly bleeding (Bleeding)
I wish that I told you all my feelings (Feelings)
I hope that I live life for a reason (Reason)
But at least you'll play this song
When I'm gone

[Chorus]
And I hope you cry for me like I cry for you
Every night for you, take it easy on me, baby
'Cause I tried with you, saw my life with you
End of time with you, now we're strangers
And I hope that you still cry for me like I cry for you
Every night for you, I've been living with this lie
Now I can't hide the truth, I can't hide the truth
Girl, I'll cry for you
Girl, I'll cry for you, ooh, yeah
See The Weeknd Live
Get tickets as low as $50

You might also like
Without A Warning
The Weeknd
Red Terror
The Weeknd
Die For You
The Weeknd

[Verse 2]
I can't see clear
I wash my fears with whisky tears
I disappear
Don't interfere, the end is near
The crowd'll scream
I block my ears to stop the cheers
'Cause the stage took a toll
Been faded on the floor
In this penthouse prison, I'm alone

[Chorus]
And I hope you cry for me like I cry for you
Every night for you, take it easy on me, baby
'Cause I tried with you, saw my life with you
End of time with you, now we're strangers
And I hope that you still cry for me like I cry for you
Every night for you, I've been living with this lie
Now I can't hide the truth, I can't hide the truth (Hide the truth)
Girl, I'll cry for you
Girl, I'll cry for you, ooh, yeah

[Bridge]
Every time I hit the road, it takes a little piece of me
Kills me slowly (Slowly)
When I needed you the most, you always gave me sympathy
Now you're over me (Over me)
Now you're better on your own, it ain't a fucking mystery
You've been showing me
Now I've been burning up my home, baby
I've been burning up my home


[Chorus]
And I hope you cry for me like I cry for you
Every night for you, take it easy on me, baby
'Cause I tried with you, saw my life with you
End of time with you, now we're strangers
And I hope that you still cry for me like I cry for you
Every night for you, I've been living with this lie
Now I can't hide the truth, I can't hide the truth
Girl, I'll cry for you
Girl, I'll cry for you, ooh, yeah"
Sports car,Tate McRae,pop,"[Intro]
(Illegal)
(Illegal)

[Verse 1]
Hey, cute jeans
Take mine off me
Oh, golly gee
I can't take no more
I'm goin' weak in my knees
Where'd you put those keys?
We can share one seat
We can share one seat

[Pre-Chorus]
In the alley, in the back
In the center of this room
With the windows rolled down
Boy, don't make me choose
In the alley, in the back
In the center of this room
With the windows rolled down
Boy, don't makе me choose

[Chorus]
I think you know what this is
I think you wanna uh
No, you ain't got no Mrs.​
Oh, but you got a sports car
We can uh-uh in it
Whilе you drive it real far
Yeah, you know what this is
Yeah, you know what this is
See pop shows near Vancouver
Get tickets as low as $42

You might also like
Born Again
LISA
Lonely talking
Tate McRae
Couldn’t Make It Any Harder
Sabrina Carpenter

[Verse 2]
Pretty blue streetlights
And my hazel eyes
And if it feels right
We could go again like three, four times
So my type
Got butterflies
So good it hurts
Thinkin' 'bout what we did before this verse

[Pre-Chorus]
On the corner of my bed
Oh, and maybe on the beach
You could do it on your own
While you're lookin' at me

[Chorus]
I think you know what this is
I think you wanna uh (Do you?)
No, you ain't got no Mrs.​
Oh, but you got a sports car
We can uh-uh in it (We can uh)
While you drive it real far
Yeah, you know what this is
Yeah, you know what this is
I think you know what this is (Oh)
I think you wanna uh (You wanna)
No, you ain't got no Mrs.​
Oh, but you got a sports car
We can uh-uh in it (Uh-uh, uh-uh, mm)
While you drive it real far
Yeah, you know what this is
Yeah, you know what this is


[Bridge]
Oh my guy
You don't wanna waste my time (My time)
Let's go ride (Let's go)
Let's go ride (Come on)
Oh my guy
You don't wanna waste my time (You don't wanna waste my time)
Let's go ride
Let's go ride

[Outro]
I think you wanna, wanna (Oh)
But you got a sports car (Oh)
While you drive it real far
(Ah) Yeah, you know what this is"
RATHER BE,GIVĒON,r&b,"[Verse 1]
Rather be a fool
Than to start with somethin' new (Start with something new)
Cryin' hardly does it anymore
Can't drink away the pain anymore, oh
Oh, I'd rather

[Chorus]
(Ooh) I'd rather be a fool
Than believe in someone new
(Ooh) I'd rather be with you
Than the other half of someone who is not even half of you

[Post-Chorus]
Oh-oh
Yeah
Oh-oh-oh (Ah)

[Verse 2]
Now I'm in this room
Wishin' you settle down or come around
I've been dancing to all the songs that you love, all alone
Lost in the dark
'Cause you stole the sun, oh-oh
Oh, tears are formin'
When I see your facе in my phone, I can't erase thе memory
Countin' all the ways she ain't right for me
I'll take your mistakes over missing you, always (Ooh)
Am I out of place? I'm here when I'm supposed to leave
Oh, I'm tellin' you (Ooh)
See GIVĒON Live
Get tickets as low as $83

You might also like
Tough Luck
Laufey
What I Want
Morgan Wallen & Tate McRae
TWENTIES
GIVĒON

[Chorus]
(Ooh) Rather be a fool
Than believe in someone new
(Ooh) I'd rather be with you
Than the other half of someone who is not even half of you

[Post-Chorus]
Oh-oh
Yeah
Oh-oh-oh
(Ooh, no, no, no)"
Slow It Down,Benson Boone,pop,"[Verse 1]
I'd never met you, but I wanted
To invite you to the party
Then you walked in with those green eyes
Never stolen by nobody
And they flicker to the future
For a moment, I could picture
Then you touch me and I come back
And we're talking on the staircase
'Bout your big dreams on the big screens
Out of Georgia, now you're lonely in this city
Lyin' with me
And you're scared it's movin' quickly
Oh, now you're crying, you're in pieces
'Cause the only love you've ever known is Jesus
I can feel it
Oh, I hate that I'm the reason that you're

[Pre-Chorus]
In your head right now
While your world is spinning out

[Chorus]
So slow it down
Take a moment now
We're too young to drown
Deep in dirty waters
Full of hopeless doubt
Let me pull you out
Let me hold you now
Let me slow it down
See pop shows near Vancouver
Get tickets as low as $42

You might also like
so american
Olivia Rodrigo
Days of Girlhood
Dylan Mulvaney
Drunk in My Mind
Benson Boone

[Verse 2]
Ain't it funny how it changes?
How the future rearranges
I get nervous, oh, I'm anxious
Maybe loving you is dangerous
I could lose you like the others
Only girl that's never left me is my mother
Oh, I love her
And I know you'll probably hate it, but I'm

[Pre-Chorus]
In my head right now

[Chorus]
So slow it down
Take a moment now
We're too young to drown
Deep in dirty waters
Full of hopeless doubt
Let me pull you out
Let me hold you now
Let me (Slow it down)

[Breakdown]
Slow it down
When you're on the ground
And you're crying
I'm trying (Slow it down)
To slow it down
When you're spinning 'round
In your head


[Outro]
(Ooh-ooh-ooh, ooh-ooh)
I'll help you slow it down"
Just Keep Watching,Tate McRae,pop,"[Intro]
Mm, mm-mm, mm-mm-mm (Oh-oh)

[Verse 1]
I wanna let my hair down (Yeah, yeah, yeah, yeah, yeah)
While I'm staring down your face
Wanna go 'til lights out (Yeah, yeah, yeah, yeah, yeah)
Take you right back to my place

[Pre-Chorus]
You out your mind (No, no, no, no)
If you don't know what this is
I'll tell 'em one by one, show 'em one by one
Twist my wrist

[Chorus]
Goes like this, start with the track
Eyes on me, archin' my back
Just like this (Yeah), here for the night
You ain't buyin' in? Just keep watchin'
Goes like this (Goes like this), move from the back (Yeah)
Eyes on me (Eyes on me), how you like that? (Yeah)
Just like this, here for the night
You ain't buyin' in? Just keep watchin'

[Post-Chorus]
Just keep watchin'
Just keep, just keep (No-no, no-no, no)
Just keep watchin'
See pop shows near Vancouver
Get tickets as low as $42

You might also like
This Song
Conan Gray
Man Of The Year
Lorde
Drive
Ed Sheeran

[Verse 2]
I wanna make my mind up (Yeah, yeah, yeah, yeah, yeah; Uh-huh)
'Cause I know where this might go
Wanna take your time up (Yeah, yeah, yeah, yeah, yeah)
But you make it difficult

[Pre-Chorus]
Your friends, they try (They try, yeah)
But they don't know what this is (This is; Yeah)
Tell 'em one by one, show 'em one by one
Twist my wrist

[Chorus]
Goes like this, start with the track
Eyes on me, archin' my back
Just like this (Yeah), here for the night
You ain't buyin' in? Just keep watchin'
Goes like this (Goes like this), move from the back (Yeah)
Eyes on me (Eyes on me), how you like that? (Yeah)
Just like this, here for the night
You ain't buyin' in? Just keep watchin'

[Post-Chorus]
(Yeah, yeah, yeah) Just keep watchin'
Just keep, just keep (No-no, no-no, no)
Just keep watchin'
Ooh-ooh


[Bridge]
It's alright if you can't keep up, give me all your love
All night, all night
It's alright (It's alright) if you can't keep up, give me all your love
All night (Oh), all night (Baby)

[Chorus]
Goes like this, start with the track
Eyes on me, archin' my back
Just like this (Yeah), here for the night (Oh-oh)
You ain't buyin' in? Just keep watchin'
Goes like this (Yeah), move from the back (Yeah)
Eyes on me (Yeah), how you like that? (Yeah)
Just like this, here for the night
You ain't buyin' in? Just keep watchin'

[Post-Chorus]
(You know you watchin'; Yeah, yeah, yeah, yeah) Just keep watchin'
(As long as you watchin'; Hey) Just keep, just keep (Just keep watchin')
(You know you watchin'; Ah) Just keep watchin'
(As long as you watchin'; Yeah)

[Outro]
Just keep watchin'"
Carry You Home,Alex Warren,rock,"[Chorus]
Oh, I hope you know, I will carry you home
Whether it's tonight or fifty-five years down the road
Oh, I know there's so many ways that this could go
Don't want you to wonder, darling, I need you to know

[Verse 1]
We were talking to the sunset
Throwing dreams against the wall (Ah-ah-ah)
I know none of them have stuck yet
But I bet it on you, honey
Oh, I would risk it all

[Pre-Chorus]
These days, these nights are changing
My love, my mind is set on you
I'm not afraid to say it
To say it's true

[Chorus]
Oh, I hope you know, I will carry you home
Whether it's tonight or fifty-five years down the road
Oh, I know there's so many ways that this could go
Don't want you to wonder, darling, I need you to know
In this and evеry life
I choose us evеry time
Oh-oh-oh, oh-oh-oh
Oh-oh-oh, oh-oh, oh-oh-oh, oh-oh-oh
See pop shows near Vancouver
Get tickets as low as $42

You might also like
You Can’t Stop This
Alex Warren
Catch My Breath
Alex Warren
Who I Am
Alex Warren

[Verse 2]
We were California dreaming
Our whole life fit in that car (Ah-ah-ah)
Didn't have a bed to sleep in
We kept each other warm under a ceiling full of stars

[Pre-Chorus]
These days, these nights are changing
My love, my mind is set on you
I'm not afraid to say it
To say I do

[Chorus]
Oh, I hope you know, I will carry you home
Whether it's tonight or fifty-five years down the road
Oh, I know there's so many ways that this could go
Don't want you to wonder, darling, I need you to know
In this and every life
I choose us every time
Oh-oh-oh, oh-oh-oh
Oh-oh-oh, oh-oh, oh-oh-oh, oh-oh-oh

[Outro]
Oh, I hope you know, I will carry you home
Whether it's tonight or fifty-five years down the road"
You,Roy Woods,r&b,"[Intro]
Don't [?], don't get excited
[?]
[?] my shoulder again
[?]
Don't know why I fuck with you
I'm so addicted
[?]
You know I always show you love

[Verse 1]
Ooh
Know I need to slow shit down (Know I need to slow shit down)
These thoughts so wild (These thoughts so wild)
My baby's not around
I'm still with sound
I'm never in town
So how can I love?
So how can I trust you? (How can I trust you?)

[Chorus]
You, you
Turned me to a fool, you
Went lyin' on my name, you
Don't deserve what I give you
Uh, yeah, yeah, uh
You
You said, ""I'm never gonna hurt you""
You said, ""I'm never gonna do you like the other girls did you""
You
Turned me to a fool, you
Went lyin' on my name, you
Don't deserve what I give you
How can I trust you?
You said, ""I'm never gonna hurt you""
You said, ""I'm never gonna do you likе the other girls did you""
See R&B shows near Vancouver
Get tickets as low as $42

You might also like
Stay With Me
Roy Woods
What I Used To Get Into
Roy Woods
Whatchu Mean
Roy Woods

[Verse 2]
How the fuck I еver let it go wrong? Ooh
Feels like no one cares that I'm sober, ooh
Why can't I get enough of you? (You)
Why's it feel like I'm stuck with you?

[Chorus]
You
Turned me to a fool, you (You, you, you)
Went lyin' on my name, you
Don't deserve what I give you
Uh, yeah, yeah, uh
You (You, you, you)
You said, ""I'm never gonna hurt you""
You said, ""I'm never gonna do you like the other girls did you""

[Outro]
You said, ""I'm never gonna hurt you""
You said, ""I'm never gonna do you like the other girls did you""
You
You"
With You,Dean Lewis,pop,"[Verse 1]
Talk me down
Tell me everything's alright
Call me back
Say that it's all in my mind

[Pre-Chorus]
'Cause I'm runnin' round in circles, tryin' so hard to convince myself
That you're asleep alone in your bed
So save me from my misery, I'll drown in this uncertainty
Just tell me that it's all in my head

[Chorus]
I was ready to fall in love with somebody
And love somebody like you
I was holding on for far too long
'Cause nothing's all that I ever knew
I'm still in love with you, with you, without you

[Verse 2]
Take it back
All the words you said layin' in my arms
If you didn't mean them
'Cause my heart don't work like that

[Pre-Chorus]
'Cause I'm runnin' out of reasons, tryin' so hard to believе in
All the promises you made in thе dark
'Cause when you had me in your orbit, you said only I could solve it
Then you left as soon as I fell apart
See Dean Lewis Live
Get tickets as low as $73

You might also like
Same Old Song
​The Lumineers
IT girl
JADE
Not Like Us
Kendrick Lamar

[Chorus]
I was ready to fall in love with somebody
And love somebody like you
I was holding on for far too long
'Cause nothing's all that I ever knew
I'm still in love with you, with you, without you

[Bridge]
And you told me to be patient
And I was patient for you, patient for you
And you told me to keep waiting
And I waited for you, only for you

[Chorus]
I was ready to fall in love with somebody
And love somebody like you
I was holding on for far too long
'Cause nothing's all that I ever knew
(Oh, oh) I was ready to fall in love with somebody
And love somebody like you
I was holding on for far too long
'Cause nothing's all that I ever knew
I'm still in love with you, with you, without you
I'm still in love with you, with you, without you"
Mystical Magical,Benson Boone,pop,"[Verse 1]
There's nothing colder than your shoulder
When you're dragging me along like you do, like you do
And then you switch up with no warnin'
And you kiss me like you want it, how rude, how rude

[Refrain]
But I kinda like it anyways
I don't mind if this is gonna take a million days
I know you'll come around to me eventually
If you sit back, relax, and join my company, my company

[Pre-Chorus]
Once you know what my love's gonna feel like
Nothing else will feel right, you can feel like
Moonbeam ice cream, taking off your blue jeans
Dancing at the movies, 'cause it feels so

[Chorus]
Mystical, magical
Oh, baby, 'cause once you know, once you know
My love is so mystical, magical
Oh, baby, 'cause once you know, once you know

[Verse 2]
My little hard-to-get baby
I wanna give you the world
Not saying you gotta chase me
But I wouldn't mind it
If you gave me just a little bit
Of something we can work it with
But all you do is push me out (Ha)
See pop shows near Vancouver
Get tickets as low as $42

You might also like
The Subway
Chappell Roan
What Was That
Lorde
Young American Heart
Benson Boone

[Refrain]
But I like it anyways
'Cause I think I'm getting closer to you every day
I know you'll come around to me eventually
Just sit back, relax, and join my company
Oh, baby, trust me

[Pre-Chorus]
Once you know what my love's gonna feel like
Nothing else will feel right, you can feel like
Moonbeam ice cream, taking off your blue jeans
Dancing at the movies, 'cause it feels so

[Chorus]
Mystical, magical
Oh, baby, 'cause once you know, once you know
My love is so mystical, magical
Oh, baby, 'cause once you know, once you know

[Outro]
(Once you know what my love's gonna feel like)
(Moonbeam ice cream, nothing else will feel right)
Mystical, magical
Oh, baby, it's mystical, magical"
Revolving door,Tate McRae,pop,"[Verse 1]
My cold heart is finally melting
I moved from the east to the west wing
I finally think it might be helping, oh, oh
I confess, I'm not that versatile
Say I'm good, but I might be in denial
Takes one call and that undoes the dial (Ah)

[Pre-Chorus]
Baby, I tried to call you
Off like a bad habit
Tried to call you
Off like a bad habit

[Chorus]
But I keep comin' back like a revolvin' door
Say I couldn't want you less, but I just want you more
So I keep comin' back like a revolvin' door
Say I couldn't want you less, but I just want you more

[Post-Chorus]
And more, and more
And more, more (More)
And more, and more
And more, more (More)
See pop shows near Vancouver
Get tickets as low as $42

You might also like
HORSESHOE
Tate McRae
ANYTHING BUT LOVE
Tate McRae
The Fate of Ophelia
Taylor Swift

[Verse 2]
Shut it down
That I tried, then you comе, come around
Fuck me good, fuck me up, thеn I gotta move towns
How'd I get from the gym to your couch? Oh, how?

[Pre-Chorus]
Baby, I tried to (Tried to) call you (Call you)
Off like a bad habit (Yeah)
Tried to (Tried to) call you (Call you)
Off like a bad habit

[Chorus]
But I keep comin' back (Oh no) like a revolvin' door (Yeah)
Say I couldn't want you less, but I just want you more
But I keep comin' back (Oh no) like a revolvin' door (Yeah)
Say I couldn't want you less, but I just want you more

[Post-Chorus]
And more (You're all that I want), and more (Can't get enough of)
And more (You, when you make me), more (More)
And more (Can't get what I want), and more (Can't get enough of)
And more (You, when you make me), more (More)

[Bridge]
Change my mind so much I can't find it
I work so much, can't be reminded
Life feels worse, but good with you in it
Supposed to be on stage, but fuck it, I need a minute
Change my mind so much it's exhaustin'
I still think 'bout that night out in Boston
I'm more hurt than I would admit
I'm supposed to be an adult, but fuck it, I need a minute (Oh)


[Refrain]
I need a minute, I need a minute (Ooh)
I need a, I need, fuck it, I need a minute (I need a)
I need a minute, I need a minute (Yeah)
I need a, I need, fuck it, I need a minute

[Outro]
I need a minute
Ooh, I need a minute
Mm
Mm"
Fortnight (feat. Post Malone),Taylor Swift,pop,"[Verse 1: Taylor Swift]
I was supposed to be sent away
But they forgot to come and get me
I was a functioning alcoholic
'Til nobody noticed my new aesthetic
All of this to say I hope you're okay
But you're the reason
And no one here's to blame
But what about your quiet treason?

[Chorus: Taylor Swift]
And for a fortnight there, we were forever
Run into you sometimes, ask about the weather
Now you're in my backyard, turned into good neighbors
Your wife waters flowers, I wanna kill her

[Verse 2: Taylor Swift, Taylor Swift & Post Malone, Post Malone]
All my mornings are Mondays stuck in an endless February
I took the miracle move-on drug, the effects were temporary
And I love you, it's ruining my life
I love you, it's ruining my life
I touched you for only a fortnight
I touched you, but I touched you

[Chorus: Taylor Swift, Taylor Swift & Post Malone]
And for a fortnight there, we were forever
Run into you sometimes, ask about the weather
Now you're in my backyard, turned into good neighbors
Your wife waters flowers, I wanna kill her
And for a fortnight there, we were together
Run into you sometimes, comment on my sweater
Now you're at the mailbox, turned into good neighbors
My husband is cheating, I wanna kill him
See pop shows near Vancouver
Get tickets as low as $42

You might also like
euphoria
Kendrick Lamar
meet the grahams
Kendrick Lamar
Father Figure
Taylor Swift

[Bridge: Taylor Swift, Post Malone, Taylor Swift & Post Malone]
I love you, it's ruining my life
I love you, it's ruining my life
I touched you for only a fortnight
I touched you, I touched you
I love you, it's ruining my life
I love you, it's ruining my life
I touched you for only a fortnight
I touched you, I touched you

[Outro: Post Malone, Post Malone & Taylor Swift, Taylor Swift]
Thought of callin' ya, but you won't pick up
'Nother fortnight lost in America
Move to Florida, buy the car you want
But it won't start up 'til you touch, touch, touch me
Thought of calling ya, but you won't pick up
'Nother fortnight lost in America
Move to Florida, buy the car you want
But it won't start up 'til I touch, touch, touch you"
Feel It,d4vd,funk,"[Verse 1]
What do you have in store?
One life away, we can't explore
But I don't want to get in the way no more
'Cause this the type of feeling you can't ignore, ayy
I'm ready to break down the door, settle the score
I can't let you go away
I miss the smile on your face
You know that I lo-lo-lo-love the chase

[Pre-Chorus]
You told me once that I was crazy
I said, ""Baby girl, I know, but I can't let you go away""
So don't you get me started now
I want a yes, I don't want maybes
'Cause they leave me where you found me
So don't leave

[Chorus]
Ooh, I just love the way you've got me feeling
And now I feel it
It's like, ooh
Take away the pain
Baby, I'm healing, baby, I'm healing
I don't need anything more
Be the wave, I'll be the shore
Crashing all over me
I want you (Fire)
See pop shows near Vancouver
Get tickets as low as $42

You might also like
Somewhere In The Middle
d4vd
Sleep Well
d4vd
BODYGUARD
Beyoncé

[Verse 2]
What do you have in store?
Type of girl that make me drop dead on the floor
This the only girl that I love and adore
This the type of love that you can't ignore
I said, ""Hey, she coming my way""
She running 'round saying whatever she wanna say
I told her I don't wanna have to do this everyday
Told her that I love her but she thinking it's a game
Oh, no
Now she uncomfortable
Never wanna make her feel one-dimensional (Oh, yeah-oh, nah-nah-nah)
Don't know how we got there, don't you get me started now

[Pre-Chorus]
You told me once that I was crazy
I said, ""Baby girl, I know, but I can't let you go away""
So don't you get me started now
I want a yes, I don't want maybes
'Cause they leave me where you found me
So don't leave

[Chorus]
Ooh, I just love the way you've got me feeling (Oh, you got me feeling)
And now I feel it (Oh, you got me feeling)
It's like, ooh
Take away the pain
Baby, I'm healing, baby, I'm healing (Baby, I'm healing, baby I'm healing)
I don't need anything more (Ooh)
Be the wave, I'll be the shore (Shore)
Crashing all over me
I want you (Oh, yeah-ah-ah)"
Born With a Broken Heart,Damiano David,rock,"[Verse 1]
What do you have in store?
One life away, we can't explore
But I don't want to get in the way no more
'Cause this the type of feeling you can't ignore, ayy
I'm ready to break down the door, settle the score
I can't let you go away
I miss the smile on your face
You know that I lo-lo-lo-love the chase

[Pre-Chorus]
You told me once that I was crazy
I said, ""Baby girl, I know, but I can't let you go away""
So don't you get me started now
I want a yes, I don't want maybes
'Cause they leave me where you found me
So don't leave

[Chorus]
Ooh, I just love the way you've got me feeling
And now I feel it
It's like, ooh
Take away the pain
Baby, I'm healing, baby, I'm healing
I don't need anything more
Be the wave, I'll be the shore
Crashing all over me
I want you (Fire)
See pop shows near Vancouver
Get tickets as low as $42

You might also like
Somewhere In The Middle
d4vd
Sleep Well
d4vd
BODYGUARD
Beyoncé

[Verse 2]
What do you have in store?
Type of girl that make me drop dead on the floor
This the only girl that I love and adore
This the type of love that you can't ignore
I said, ""Hey, she coming my way""
She running 'round saying whatever she wanna say
I told her I don't wanna have to do this everyday
Told her that I love her but she thinking it's a game
Oh, no
Now she uncomfortable
Never wanna make her feel one-dimensional (Oh, yeah-oh, nah-nah-nah)
Don't know how we got there, don't you get me started now

[Pre-Chorus]
You told me once that I was crazy
I said, ""Baby girl, I know, but I can't let you go away""
So don't you get me started now
I want a yes, I don't want maybes
'Cause they leave me where you found me
So don't leave

[Chorus]
Ooh, I just love the way you've got me feeling (Oh, you got me feeling)
And now I feel it (Oh, you got me feeling)
It's like, ooh
Take away the pain
Baby, I'm healing, baby, I'm healing (Baby, I'm healing, baby I'm healing)
I don't need anything more (Ooh)
Be the wave, I'll be the shore (Shore)
Crashing all over me
I want you (Oh, yeah-ah-ah)"
Handlebars,JENNIE & Dua Lipa,r&b,"[Verse 1]
What do you have in store?
One life away, we can't explore
But I don't want to get in the way no more
'Cause this the type of feeling you can't ignore, ayy
I'm ready to break down the door, settle the score
I can't let you go away
I miss the smile on your face
You know that I lo-lo-lo-love the chase

[Pre-Chorus]
You told me once that I was crazy
I said, ""Baby girl, I know, but I can't let you go away""
So don't you get me started now
I want a yes, I don't want maybes
'Cause they leave me where you found me
So don't leave

[Chorus]
Ooh, I just love the way you've got me feeling
And now I feel it
It's like, ooh
Take away the pain
Baby, I'm healing, baby, I'm healing
I don't need anything more
Be the wave, I'll be the shore
Crashing all over me
I want you (Fire)
See pop shows near Vancouver
Get tickets as low as $42

You might also like
Somewhere In The Middle
d4vd
Sleep Well
d4vd
BODYGUARD
Beyoncé

[Verse 2]
What do you have in store?
Type of girl that make me drop dead on the floor
This the only girl that I love and adore
This the type of love that you can't ignore
I said, ""Hey, she coming my way""
She running 'round saying whatever she wanna say
I told her I don't wanna have to do this everyday
Told her that I love her but she thinking it's a game
Oh, no
Now she uncomfortable
Never wanna make her feel one-dimensional (Oh, yeah-oh, nah-nah-nah)
Don't know how we got there, don't you get me started now

[Pre-Chorus]
You told me once that I was crazy
I said, ""Baby girl, I know, but I can't let you go away""
So don't you get me started now
I want a yes, I don't want maybes
'Cause they leave me where you found me
So don't leave

[Chorus]
Ooh, I just love the way you've got me feeling (Oh, you got me feeling)
And now I feel it (Oh, you got me feeling)
It's like, ooh
Take away the pain
Baby, I'm healing, baby, I'm healing (Baby, I'm healing, baby I'm healing)
I don't need anything more (Ooh)
Be the wave, I'll be the shore (Shore)
Crashing all over me
I want you (Oh, yeah-ah-ah)"
End of the World,Miley Cyrus,pop,"[Intro]
Oh, oh, oh, oh
Oh, oh, oh, oh

[Verse 1]
Today, you woke up and you told me that you wanted to cry
The sky was fallin' like a comet on the Fourth of July
Baby, you've been thinkin' 'bout the future like it's already yours
Show me how you'd hold me if tomorrow wasn't comin' for sure

[Chorus]
Let's pretend it's not the end of the world (Oh, oh, oh, oh)
Let's pretend it's not the end of the world (Oh, oh, oh, oh)

[Verse 2]
Let's spend the dollars you've been savin' on a Mercedes-Benz (Ah)
And throw a party like McCartney with some help from our friends
Yeah, let's go down to Malibu and watch the sun fade out once more
Show me how you'd hold me if tomorrow was comin' for sure

[Chorus]
Let's pretend it's not the end of the world (Oh, oh, oh, oh)
Let's pretend it's not the end of the world
(Oh, oh, oh, oh) The sky is fallin', fallin' like a comet now, oh, oh
I can see it comin' down
(Oh, oh, oh, oh) The sky is fallin', fallin' like a comet now, oh, oh
See pop shows near Vancouver
Get tickets as low as $42

You might also like
Henry, come on
Lana Del Rey
Miley Cyrus - End of the World (Traducción al Español)
Genius Traducciones al Español
Azizam
Ed Sheeran

[Bridge]
Ooh, let's go to Paris, I don't care if we get lost in the scene
Paint the city like Picasso would've done in his dreams
Do the things that we were way too terrified of before
Oh, I wanna take you to Nirvana, we can't take it too far
Hit the bottom of the bottle and forget who we are
Hold me close, you know tomorrow isn't comin' for sure

[Breakdown]
Let's pretend it's not the end of the world
Let's pretend it's not the end of the world
(Let's pretend it's not the end of the world)
Let's pretend
It's not the end
(Let's pretend it's not the end of the world)
Let's pretend (The sky is fallin')
It's not the end (Like the end of the world)
Let's pretend
It's not the end, end, end

[Chorus]
(Oh, oh, oh, oh) Let's pretend it's not the end of the world
(Oh, oh, oh, oh) The sky is fallin', fallin' like a comet now, oh, oh
Let's pretend it's not the end of the world
(Oh, oh, oh, oh) The sky is fallin', fallin' like a comet now, oh, oh
Let's pretend it's not the end of the world
The sky is fallin', fallin' like a comet now, oh, oh
I can see it comin' down"
Love Me Not,Ravyn Lenae,r&b,"[Verse 1]
See, right now, I need you, I'll meet you somewhere now
You up now, I see you, I get you, take care now
Slow down, be cool, I miss you, come here now
It's yours now, keep it, I'll hold out until now
I need you right now, once I leave you I'm strung out
If I get you, I'm slowly breaking down

[Chorus]
And, oh, it's hard to see you, but I wish you were right here
Oh, it's hard to leave you when I get you everywhere
All this time I'm thinking we could never be a pair
Oh, no, I don't need you, but I miss you, come here
And, oh, it's hard to see you, but I wish you were right here
Oh, it's hard to leave you when I get you everywhere
All this time I'm thinking, I'm strong enough to sink it
Oh, no, I don't need you, but I miss you, come here

[Post-Chorus]
He love me not, he loves me
He holds me tight, then lets me go
He love me not, he loves me
He holds me tight, then lets me go

[Verse 2]
Soon as you leave me, we always lose connection
It's gettin' messy, I fiend for your affection
Don't loosen your grip got a hold on me
Now, forever, let's get back together
See R&B shows near Vancouver
Get tickets as low as $42

You might also like
Pretty Little Baby
Connie Francis
Wood
Taylor Swift
back to friends
sombr

[Pre-Chorus]
Lord, take it so far away
I pray that, God, we don't break
I want you to take me up and down
And round and round again

[Chorus]
And, oh, it's hard to see you, but I wish you were right here
Oh, it's hard to leave you when I get you everywhere
All this time I'm thinking we could never be a pair
Oh, no, I don't need you, but I miss you, come here
And, oh, it's hard to see you, but I wish you were right here
Oh, it's hard to leave you when I get you everywhere
All this time I'm thinking, I'm strong enough to sink it
Oh, no, I don't need you, but I miss you, come here

[Post-Chorus]
He love me not, he loves me
He holds me tight, then lets me go
He love me not, he loves me
He holds me tight, then lets me go
He love me not, he loves me
He holds me tight, then lets me go
He love me not, he loves me
He holds me tight, then lets me go


[Bridge]
You're gonna say that you're sorry at the end of the night
Wake up in the morning, everything's alright
At the end of the story, you're holdin' me tight
I don't need to worry, am I out of my mind?

[Chorus]
And, oh, it's hard to see you, but I wish you were right here (I'm losing my mind)
Oh, it's hard to leave you when I get you everywhere
All this time I'm thinking, I'm strong enough to sink it
Oh, no, I don't need you, but I miss you, come here"
It's ok I'm ok,Tate McRae,pop,"[Intro]
Mm
Yeah, uh

[Verse 1]
See you so excited (Mm)
You got him locked down (Mmh, yeah)
You're movin' like I did (Mm)
Before I found out
He ain't just a pretty-faced talker
Good with his money, close to his mother
You're seein' one-sided (Sided)
You got him right now

[Pre-Chorus]
And she be like, ""He's so perfect""
I be like, ""Oh, what version?""
""Ain't nobody got me this nervous""
Oh, baby, I been there (Hey)
And right in that same position (Hey)
So, baby, don't get this twisted (Hey)
No, nothin' could make me miss it
Take him, he's yours

[Chorus]
It's okay, I'm okay, had him in the first place
It's okay, I'm okay (I'm okay, yeah, yeah)
It's okay, I'm okay, I don't really gotta say
It's okay (Okay)
See pop shows near Vancouver
Get tickets as low as $42

You might also like
ALL RED
Playboi Carti
St. Chroma
Tyler, The Creator
Watch the Party Die
Kendrick Lamar

[Post-Chorus]
You can have him anyway (Way)
Anyway (Way)
You can have him anyway (Way)
Anyway (Oh, oh, oh, oh)

[Verse 2]
Was such a romantic (Romantic)
You got me like, ""Fuck that""
Some months and some long flights
Now I can't go near that

[Pre-Chorus]
And she be like, ""He's so perfect""
I be like, ""Oh, what version?""
""Ain't nobody got me this nervous"" (Nervous)
Oh, baby, I've been there (Hey)
And right in that same position (Hey)
So, baby, don't get this twisted (Hey)
No, nothin' could make me miss it
Take him, he's yours

[Chorus]
It's okay, I'm okay, had him in the first place
It's okay, I'm okay (I'm okay)
It's okay, I'm okay, I don't really gotta say
It's okay (Okay)


[Post-Chorus]
You can have him anyway (Way)
Anyway (Way)
You can have him anyway (Way)
Anyway (Way, way, way)

[Chorus]
It's okay, I'm okay, had him in the first place
It's okay, I'm okay (I'm okay, I'm okay)
It's okay, I'm okay, I don't really gotta say (It's okay)
It's okay

[Post-Chorus]
You can have him anyway (Anyway)
Anyway (Anyway)
You can have him anyway (Anyway)
Anyway (Oh, oh, oh, oh)

[Outro]
I don't want him anyway, girl, take him
I don't want him anyway, girl, take him
I don't want him anyway, girl, take him (It's okay, take him)
I don't want him (Yeah, I don't), I don't want him (Yeah, I don't)
I don't want him (Anyway) anyway, girl, take him (Want him anyway)
I don't want him (Anyway) anyway, girl, take him (Anyway)
I don't, it's okay, it's okay, take him (Anyway)
I don't want him (Yeah, I don't), I don't want him"
Nice To Meet You,Myles Smith,pop,"[Verse 1]
Lonely in this crowd, I sit alone, oh
One more drink away from heading home, oh

[Pre-Chorus]
Oh, I could feel the night slipping by
Oh, away from me
And, oh, she caught my eye through the light
Then she came right up to me

[Chorus]
She said, ""Oh, hi, nice to meet you
Tonight, maybe we could
Go dance, get up off our feet""
She said, ""This life ain't forever
One song, here together
Then let's play it on repeat""
We could dance, we could dance all night
We could dance till the morning light
Lеt's forget about our worries and the wild world outsidе
She said, ""Oh, hi, nice to meet you
Tonight, maybe we could
Go dance, get up off our feet""
We could dance, we could dance all night

[Verse 2]
She took my hand and led me through the dark, oh
She said, ""Feel the beat, forget that broken heart"", oh
See pop shows near Vancouver
Get tickets as low as $42

You might also like
Sticky
Tyler, The Creator
Judge Judy
Tyler, The Creator
St. Chroma
Tyler, The Creator

[Pre-Chorus]
And, oh, I can feel the night slipping by
Oh, away from me
And, oh, I saw the light in her eyes
Glad she came right up to me

[Chorus]
She said, ""Oh, hi, nice to meet you
Tonight, maybe we could
Go dance, get up off our feet""
She said, ""This life ain't forever
One song, here together
Then let's play it on repeat""
We could dance, we could dance all night
We could dance till the morning light
Let's forget about our worries and the wild world outside
She said, ""Oh, hi, nice to meet you
Tonight, maybe we could
Go dance, get up off our feet""
We could dance, we could dance all night

[Post-Chorus]
We could dance, we could dance all night

[Outro]
She said, ""Oh, hi, nice to meet you
Tonight, maybe we could
Go dance, get up off our feet""
She said, ""This life ain't forever
One song, here together
Then let's play it on repeat""
We could dance, we could dance all night"